Proposed Package ID,Temporary internal ref (NOT a CRM ID),Package Name,Destination,Duration,Issue,Suggested Action,Owner Decision,Final Package ID,Notes
0001,slug:srinagar-gulmarg-tour-03nt04dy,Srinagar Gulmarg Tour Package,Kashmir,3 Nights / 4 Days,none,APPROVE,,,severity NONE
0002,slug:srinagar-gulmarg-pahalgam-tour-package-5-days,Srinagar Gulmarg Pahalgam Tour Package,Kashmir,4 Nights / 5 Days,none,APPROVE,,,severity NONE
0003,slug:srinagar-gulmarg-sonmarg-day-trip-tour-package-5-days,Srinagar Gulmarg Sonmarg Day Trip Tour,Kashmir,4 Nights / 5 Days,[MEDIUM] no inclusions listed; [MEDIUM] no exclusions listed; [LOW] no package image (photos to be supplied by the owner),APPROVE,,,severity MEDIUM
0004,slug:srinagar-pahalgam-gulmarg-sonmarg-package-6-days,Srinagar Pahalgam Gulmarg Sonmarg Tour,Kashmir,4 Nights / 5 Days,"[HIGH] duration conflict: label 5 days, URL 6 days, itinerary 6 days, page title 6 days, description 5 days; [LOW] no package image (photos to be supplied by the owner)",APPROVE after correcting the duration data (the Package ID does not change),,,severity HIGH
0005,slug:srinagar-gulmarg-pahalgam-tour-package-7-days,Srinagar Gulmarg Pahalgam Tour,Kashmir,6 Nights / 7 Days,[HIGH] no day-by-day itinerary on the page (not found anywhere in the project or git history); [LOW] no package image (photos to be supplied by the owner),"REVIEW: approve the ID, but keep the page as Draft until an itinerary is supplied",,,severity HIGH
0006,slug:srinagar-gulmarg-sonmarg-pahalgam-katra-tour-package-8-days,Srinagar Gulmarg Sonmarg Pahalgam Katra Tour,Kashmir,7 Nights / 8 Days,"[LOW] duration conflict: label 8 days, URL 8 days, itinerary 8 days, page title 8 days, description 7 days; [LOW] no package image (photos to be supplied by the owner)",APPROVE,,,severity LOW
0007,slug:breathtaking-leh-ladakh-tour-3n-4d,Breathtaking Leh Ladakh Tour,Leh Ladakh,3 Nights / 4 Days,"[LOW] duration conflict: label 4 days, URL 4 days, itinerary 4 days, page title 4 days, description 7 days; [LOW] no package image (photos to be supplied by the owner)",APPROVE,,,severity LOW
0008,slug:special-leh-ladakh-tour-4n-5d,Special Leh Ladakh Tour,Leh Ladakh,4 Nights / 5 Days,[LOW] no package image (photos to be supplied by the owner),APPROVE,,,severity LOW
0009,slug:jewels-of-leh-ladakh-package-5n6d,Jewels of Leh Ladakh Tour,Leh Ladakh,5 Nights / 6 Days,"[LOW] duration conflict: label 6 days, URL 6 days, itinerary 6 days, page title 6 days, description 5 days; [LOW] no package image (photos to be supplied by the owner)",APPROVE,,,overlap pair with 0010 | severity LOW
0010,slug:panorama-ladakh-tour-6n7d,Panorama Ladakh tour,Leh Ladakh,5 Nights / 6 Days,"[HIGH] duration conflict: label 6 days, URL 7 days, itinerary 7 days, page title 7 days, description 7 days; [LOW] no package image (photos to be supplied by the owner)",APPROVE after correcting the duration data (the Package ID does not change),,,overlap pair with 0009 | severity HIGH
0011,slug:serene-leh-ladakh-tour-7n-8d,Serene Leh Ladakh Tour,Leh Ladakh,7 Nights / 8 Days,"[LOW] duration conflict: label 8 days, URL 8 days, itinerary 8 days, page title 8 days, description 7 days; [LOW] no package image (photos to be supplied by the owner)",APPROVE,,,overlap pair with 0012 | severity LOW
0012,slug:discover-leh-ladakh-tour-8n-9d,Discover Leh Ladakh Tour,Leh Ladakh,8 Nights / 9 Days,"[HIGH] duration conflict: label 9 days, URL 9 days, itinerary 8 days, page title 9 days, description 9 days; [LOW] no package image (photos to be supplied by the owner)",APPROVE after correcting the duration data (the Package ID does not change),,,overlap pair with 0011 | severity HIGH
0013,slug:best-of-shimla-vacation,Best of Shimla Vacation,Himachal Pradesh,2 Nights / 3 Days,[HIGH] no day-by-day itinerary on the page (not found anywhere in the project or git history); [LOW] no package image (photos to be supplied by the owner),REVIEW: keep as Draft until the owner supplies the itinerary (none exists); it is a different trip from 0014,,,overlap pair with 0014 | severity HIGH
0014,slug:best-of-shimla,Best of Shimla,Himachal Pradesh,3 Nights / 4 Days,[LOW] no package image (photos to be supplied by the owner),"APPROVE (different trip from 0013: Volvo from Delhi, 3N/4D)",,,overlap pair with 0013 | severity LOW
0015,slug:amritsar-with-dalhousie-dharamshala-05-days,Amritsar with Dalhousie Dharamshala,Himachal Pradesh,4 Nights / 5 Days,[LOW] no package image (photos to be supplied by the owner),APPROVE,,,overlap pair with 0019 | severity LOW
0016,slug:blissful-tour-to-himachal-pradesh-4n-5d,Blissful Tour to Himachal Pradesh,Himachal Pradesh,4 Nights / 5 Days,[LOW] no package image (photos to be supplied by the owner),APPROVE,,,severity LOW
0017,slug:manali-volvo-vrip-weekend,Manali Volvo Trip weekend,Himachal Pradesh,4 Nights / 5 Days,[LOW] no package image (photos to be supplied by the owner),APPROVE,,,overlap pair with 0020 | severity LOW
0018,slug:manali-with-manikaran,Manali with Manikaran,Himachal Pradesh,4 Nights / 5 Days,[LOW] no package image (photos to be supplied by the owner),APPROVE,,,severity LOW
0019,slug:amrirsar-with-dalhousie-and-dharamshala-06-days,Amrirsar with Dalhousie and Dharamshala,Himachal Pradesh,5 Nights / 6 Days,[MEDIUM] no inclusions listed; [MEDIUM] no exclusions listed; [LOW] no package image (photos to be supplied by the owner),APPROVE,,,overlap pair with 0015 | severity MEDIUM
0020,slug:best-of-manali-with-delhi-by-volvo,Best of Manali with Delhi By Volvo,Himachal Pradesh,5 Nights / 6 Days,[LOW] no package image (photos to be supplied by the owner),APPROVE,,,overlap pair with 0017 | severity LOW
0021,slug:manali-with-dharamshala-and-amritsar-06-days,Manali with Dharamshala and amritsar,Himachal Pradesh,5 Nights / 6 Days,[MEDIUM] no inclusions listed; [MEDIUM] no exclusions listed; [LOW] no package image (photos to be supplied by the owner),APPROVE,,,severity MEDIUM
0022,slug:shimla-manali-tour-06-days,Shimla Manali Tour,Himachal Pradesh,5 Nights / 6 Days,[LOW] no package image (photos to be supplied by the owner),APPROVE,,,overlap pair with 0023 | severity LOW
0023,slug:shimla-manali-with-chandigarh-06-days,Shimla Manali with Chandigarh,Himachal Pradesh,5 Nights / 6 Days,[LOW] no package image (photos to be supplied by the owner),APPROVE,,,overlap pair with 0022 | severity LOW
0024,slug:amritsar-with-dalhousie-dharamshala-and-chandigarh-07-days,Amritsar with Dalhousie Dharamshala and Chandigarh,Himachal Pradesh,6 Nights / 7 Days,[MEDIUM] no inclusions listed; [MEDIUM] no exclusions listed; [LOW] no package image (photos to be supplied by the owner),APPROVE,,,severity MEDIUM
0025,slug:best-of-shimla-and-manali,Best of Shimla and Manali,Himachal Pradesh,6 Nights / 7 Days,[LOW] no package image (photos to be supplied by the owner),APPROVE,,,severity LOW
0026,slug:shimla-manali-with-dalhousie-amritsar-08-days,Shimla Manali with Dalhousie Amritsar,Himachal Pradesh,7 Nights / 8 Days,[MEDIUM] no inclusions listed; [MEDIUM] no exclusions listed; [LOW] no package image (photos to be supplied by the owner),APPROVE,,,severity MEDIUM
0027,slug:shimla-manali-with-dharmshala-dalhousie-and-amritsar-09-days,Shimla Manali with Dharmshala Dalhousie and Amritsar,Himachal Pradesh,8 Nights / 9 Days,"[MEDIUM] title/URL names Amritsar, which the itinerary never mentions; [LOW] no package image (photos to be supplied by the owner)",APPROVE,,,severity MEDIUM
0028,slug:grand-himachal-with-mata-vaishno-devi--tour-13-days,Grand Himachal with Mata vaishno Devi Tour,Himachal Pradesh,12 Nights / 13 Days,[MEDIUM] no inclusions listed; [MEDIUM] no exclusions listed; [LOW] no package image (photos to be supplied by the owner),APPROVE,,,severity MEDIUM
0029,slug:haridwar-rishikesh-tour-03-days,Haridwar Rishikesh Tour,Uttarakhand,2 Nights / 3 Days,[LOW] no package image (photos to be supplied by the owner),APPROVE,,,severity LOW
0030,slug:mussoorie-tour-03-days,Mussoorie Tour,Uttarakhand,2 Nights / 3 Days,[MEDIUM] no inclusions listed; [MEDIUM] no exclusions listed; [LOW] no package image (photos to be supplied by the owner),APPROVE,,,severity MEDIUM
0031,slug:nainital-tour-03-days,Nainital Tour,Uttarakhand,2 Nights / 3 Days,[LOW] no package image (photos to be supplied by the owner),APPROVE,,,severity LOW
0032,slug:uttarakhand-mussoorie-with-rishikesh-flight-inclusive,Uttarakhand Mussoorie With Rishikesh Flight Inclusive,Uttarakhand,2 Nights / 3 Days,[MEDIUM] no inclusions listed; [MEDIUM] no exclusions listed; [LOW] no package image (photos to be supplied by the owner),APPROVE,,,severity MEDIUM
0033,slug:corbett-with-nainital-04-days,Corbett with Nainital,Uttarakhand,3 Nights / 4 Days,[LOW] no package image (photos to be supplied by the owner),APPROVE,,,severity LOW
0034,slug:haridwar-rishikesh-mussoorie-04-days,Haridwar Rishikesh Mussoorie,Uttarakhand,3 Nights / 4 Days,[LOW] no package image (photos to be supplied by the owner),APPROVE,,,severity LOW
0035,slug:mussoorie-with-jim-corbett-04-days,Mussoorie with Jim Corbett,Uttarakhand,3 Nights / 4 Days,[MEDIUM] no inclusions listed; [MEDIUM] no exclusions listed; [LOW] no package image (photos to be supplied by the owner),APPROVE,,,severity MEDIUM
0036,slug:haridwar-with-mussoorie-and-jim-corbett-05-days,Haridwar with Mussoorie and Jim Corbett,Uttarakhand,4 Nights / 5 Days,[MEDIUM] no inclusions listed; [MEDIUM] no exclusions listed; [LOW] no package image (photos to be supplied by the owner),APPROVE,,,overlap pair with 0040 | severity MEDIUM
0037,slug:nainital-with-almora-and-jim-corbett-05-days,Nainital with Almora and jim corbett,Uttarakhand,4 Nights / 5 Days,"[HIGH] duration conflict: label 5 days, URL 5 days, itinerary 3 days, page title 5 days, description 5 days; [LOW] no package image (photos to be supplied by the owner)",APPROVE after correcting the duration data (the Package ID does not change),,,severity HIGH
0038,slug:nainital-with-kausani-and-jim-corbett-05-days,Nainital with Kausani and Jim Corbett,Uttarakhand,4 Nights / 5 Days,[MEDIUM] no inclusions listed; [MEDIUM] no exclusions listed; [MEDIUM] same or near-same title as 0042; [LOW] no package image (photos to be supplied by the owner),APPROVE; consider a distinguishing title,,,overlap pair with 0042 | severity MEDIUM
0039,slug:nainital-with-ranikhet--jim-corbett,Nainital with Ranikhet Jim Corbett,Uttarakhand,4 Nights / 5 Days,[MEDIUM] no inclusions listed; [MEDIUM] no exclusions listed; [MEDIUM] same or near-same title as 0043; [LOW] no package image (photos to be supplied by the owner),APPROVE; consider a distinguishing title,,,overlap pair with 0043 | severity MEDIUM
0040,slug:haridwar--with-mussoorie-and-corbett-06-days,Haridwar with Mussoorie and Corbett,Uttarakhand,5 Nights / 6 Days,[LOW] no package image (photos to be supplied by the owner),APPROVE,,,overlap pair with 0036 | severity LOW
0041,slug:mussoorie-with-nainital-and-jim-corbett-06-days,Mussoorie with Nainital and Jim Corbett,Uttarakhand,5 Nights / 6 Days,[MEDIUM] no exclusions listed; [LOW] no package image (photos to be supplied by the owner),APPROVE,,,overlap pair with 0044 | severity MEDIUM
0042,slug:nainital-with-kausani-and-jim-corbett-06-days,Nainital with Kausani and Jim Corbett,Uttarakhand,5 Nights / 6 Days,[MEDIUM] no exclusions listed; [MEDIUM] same or near-same title as 0038; [LOW] no package image (photos to be supplied by the owner),APPROVE; consider a distinguishing title,,,overlap pair with 0038 | severity MEDIUM
0043,slug:nainital-with-ranikhet-and-jim-corbett-06-days,Nainital with Ranikhet and jim corbett,Uttarakhand,5 Nights / 6 Days,[MEDIUM] no exclusions listed; [MEDIUM] same or near-same title as 0039; [LOW] no package image (photos to be supplied by the owner),APPROVE; consider a distinguishing title,,,overlap pair with 0039 | severity MEDIUM
0044,slug:corbett-with-nainital-and-mussoorie-07-days,Corbett With Nainital and mussoorie,Uttarakhand,6 Nights / 7 Days,[MEDIUM] no inclusions listed; [MEDIUM] no exclusions listed; [LOW] no package image (photos to be supplied by the owner),APPROVE,,,overlap pair with 0041 | severity MEDIUM
0045,slug:haridwar-with-rishikesh-mussoorie-nainital-and-jim-corbett-07-days,Haridwar With Rishikesh Mussoorie Nainital and Jim Corbett,Uttarakhand,6 Nights / 7 Days,[MEDIUM] no inclusions listed; [MEDIUM] no exclusions listed; [LOW] no package image (photos to be supplied by the owner),APPROVE,,,severity MEDIUM
0046,slug:mussoorie-with-nainital-almora-and-jim-corbett--07-days,Mussoorie with Nainital Almora and Jim Corbett,Uttarakhand,6 Nights / 7 Days,[LOW] no package image (photos to be supplied by the owner),APPROVE,,,severity LOW
0047,slug:nainital-with-ranikhet-kausani-and-jim-corbett-07-days,Nainital with Ranikhet kausani and Jim corbett,Uttarakhand,6 Nights / 7 Days,[MEDIUM] no inclusions listed; [MEDIUM] no exclusions listed; [LOW] no package image (photos to be supplied by the owner),APPROVE,,,severity MEDIUM
0048,slug:haridwar-with-mussoorie-corbett-kausani-and-nainital-08-days,Haridwar with Mussoorie corbett Kausani and Nainital Tour,Uttarakhand,7 Nights / 8 Days,[MEDIUM] no inclusions listed; [MEDIUM] no exclusions listed; [LOW] no package image (photos to be supplied by the owner),APPROVE,,,severity MEDIUM
0049,slug:mussoorie-with-corbett-ranikhet-kausani-and-nainital-08-days,Mussoorie with corbett Ranikhet Kausani and Nainital,Uttarakhand,7 Nights / 8 Days,[LOW] no package image (photos to be supplied by the owner),APPROVE,,,severity LOW
0050,slug:nainital-with-ranikhet-kausani-jim-corbett-and-haridwar-08-days,Nainital with Ranikhet Kausani jim Corbett and Haridwar,Uttarakhand,7 Nights / 8 Days,[MEDIUM] no inclusions listed; [MEDIUM] no exclusions listed; [LOW] no package image (photos to be supplied by the owner),APPROVE,,,severity MEDIUM
0051,slug:do-dham-kedar–badri-from-haridwar-4n-5d,Do Dham Yatra (Kedarnath - Badrinath) Tour from Haridwar 5 Days Package,Char Dham Yatra,04 Nights / 05 Days,none,APPROVE,,,overlap pair with 0052 | severity NONE
0052,slug:do-dham-kedar–badri-from-haridwar-5n-6d,6-Day Do Dham Yatra (Kedarnath & Badrinath) Tour from Haridwar,Char Dham Yatra,5 Nights / 6 Days,none,APPROVE,,,overlap pair with 0051 | severity NONE
0053,slug:chardham-yatra-by-helicopter,Chardham Yatra By Helicopter Tour,Char Dham Yatra,5 Nights / 6 Days,[MEDIUM] no exclusions listed; [LOW] no package image (photos to be supplied by the owner),APPROVE,,,severity MEDIUM
0054,slug:char-dham-yatra-from-delhi-11n-12d,Char Dham yatra Package from Haridwar for 9 Days,Char Dham Yatra,08 Nights / 09 Days,"[CRITICAL] original page file is byte-for-byte identical to 0055 /chardham-yatra-from-haridwar-8n-9d; [CRITICAL] URL says ""from Delhi"" but the title/content is ""Char Dham yatra Package from Haridwar for 9 Days"" and the itinerary starts at Haridwar; [HIGH] duration conflict: label 9 days, URL 12 days, itinerary 10 days, title 9 days, page title 10 days, description 10 days","REVIEW: owner to decide: write the real Delhi 11N/12D itinerary (then APPROVE), or RETIRE (301 to 0055)",,,"overlap pair with 0055, 0056 | severity CRITICAL"
0055,slug:chardham-yatra-from-haridwar-8n-9d,Char Dham yatra Package from Haridwar for 9 Days,Char Dham Yatra,08 Nights / 09 Days,"[CRITICAL] original page file is byte-for-byte identical to 0054 /char-dham-yatra-from-delhi-11n-12d; [HIGH] duration conflict: label 9 days, URL 9 days, itinerary 10 days, title 9 days, page title 10 days, description 10 days","APPROVE (the Haridwar 8N/9D content belongs here); fix duration text (label 8N/9D vs 10 itinerary days vs ""9N/10D"" page title)",,,"overlap pair with 0054, 0056 | severity CRITICAL"
0056,slug:char-dham-yatra-from-haridwar-9n-10d,Char Dham yatra Package from Haridwar,Char Dham Yatra,9 Nights / 10 Days,none,APPROVE,,,"overlap pair with 0054, 0055 | severity NONE"
0057,slug:yamunotri-gangotri-do-dham-from-delhi-6n-7d,Yamunotri Gangotri Do Dham Yatra from Delhi,Char Dham Yatra,9 Nights / 10 Days,"[HIGH] duration conflict: label 10 days, URL 7 days, itinerary 7 days",APPROVE after correcting the duration data (the Package ID does not change),,,severity HIGH
0058,slug:char-dham-yatra-from-delhi-10n-11d,Char Dham yatra Package from delhi for 11 Days,Char Dham Yatra,10 Nights / 11 Days,"[LOW] duration conflict: label 11 days, URL 11 days, itinerary 11 days, title 11 days, page title 11 days, description 10 days",APPROVE,,,severity LOW
0059,slug:chardham-package,Chardham Package 12 Days Ex Delhi Tour,Char Dham Yatra,11 Nights / 12 Days,[MEDIUM] no inclusions listed; [MEDIUM] no exclusions listed; [LOW] no package image (photos to be supplied by the owner),APPROVE,,,severity MEDIUM
0060,slug:amarnath-ji-yatra-by-helicopter-2n-3d,Amarnath Ji Tour Package by Helicopter for 2 Nights 3 Days,Amarnath Yatra,2 Nights / 3 Days,none,APPROVE,,,overlap pair with 0061 | severity NONE
0061,slug:amarnath-ji-yatra-by-helicopter-3n-4d,Amarnath Ji Yatra by Helicopter – 3 Nights 4 Days with Srinagar Tour,Amarnath Yatra,3 Nights / 4 Days,none,APPROVE,,,overlap pair with 0060 | severity NONE
0062,slug:amarnath-ji-yatra-with-srinagar-4n-5d,Amarnath Ji Yatra with Srinagar – 4 Nights 5 Days Package,Amarnath Yatra,4 Nights / 5 Days,none,APPROVE,,,severity NONE
0063,slug:amarnath-ji-yatra-via-pahalgam-5n-6d,Amarnath Ji Yatra via Pahalgam 5 Nights 6 Days Spiritual Journey,Amarnath Yatra,5 Nights / 6 Days,none,APPROVE,,,severity NONE
0064,slug:darjeeling-gangtok-04-days,Darjeeling Gangtok Tour,Darjeeling & Sikkim,3 Nights / 4 Days,"[MEDIUM] same or near-same title as 0066, 0067; [LOW] no package image (photos to be supplied by the owner)",APPROVE; consider a distinguishing title,,,"overlap pair with 0066, 0067 | severity MEDIUM"
0065,slug:darjeeling-kalimpong-04-days,Darjeeling Kalimpong Tour,Darjeeling & Sikkim,3 Nights / 4 Days,[LOW] no package image (photos to be supplied by the owner),APPROVE,,,severity LOW
0066,slug:darjeeling-and-gangtok-06-days,Darjeeling and Gangtok Tour,Darjeeling & Sikkim,4 Nights / 5 Days,"[HIGH] duration conflict: label 5 days, URL 6 days, itinerary 6 days, page title 6 days, description 6 days; [MEDIUM] no inclusions listed; [MEDIUM] no exclusions listed; [MEDIUM] same or near-same title as 0064, 0067; [LOW] no package image (photos to be supplied by the owner)","APPROVE after correcting the duration label to 5N/6D (URL, page title, description and itinerary all say 6 days)",,,"overlap pair with 0064, 0067 | severity HIGH"
0067,slug:darjeeling-gangtok-05-days,Darjeeling Gangtok Tour,Darjeeling & Sikkim,4 Nights / 5 Days,"[LOW] duration conflict: label 5 days, URL 5 days, itinerary 5 days, page title 5 days, description 4 days; [MEDIUM] no inclusions listed; [MEDIUM] no exclusions listed; [MEDIUM] same or near-same title as 0066, 0064; [LOW] no package image (photos to be supplied by the owner)",APPROVE (materially different from 0066 once 0066 is corrected),,,"overlap pair with 0064, 0066 | severity MEDIUM"
0068,slug:gangtok-pelling-tour-05-days,Gangtok Pelling Tour,Darjeeling & Sikkim,4 Nights / 5 Days,[MEDIUM] no inclusions listed; [MEDIUM] no exclusions listed; [LOW] no package image (photos to be supplied by the owner),APPROVE,,,severity MEDIUM
0069,slug:darjeeling-with-kalimpong-and-gangtok-06-days,Darjeeling with Kalimpong and Gangtok Tour,Darjeeling & Sikkim,5 Nights / 6 Days,[LOW] no package image (photos to be supplied by the owner),APPROVE,,,severity LOW
0070,slug:darjeeling-with-pelling-and-gangtok-06-days,Darjeeling with Pelling and Gangtok Tour,Darjeeling & Sikkim,5 Nights / 6 Days,[LOW] no package image (photos to be supplied by the owner),APPROVE,,,severity LOW
0071,slug:gangtok-with-lachen-and-lachung-07-days,Gangtok with lachen and Lachung Tour,Darjeeling & Sikkim,5 Nights / 6 Days,"[HIGH] duration conflict: label 6 days, URL 7 days, itinerary 7 days, page title 7 days, description 7 days; [LOW] no package image (photos to be supplied by the owner)",APPROVE after correcting the duration data (the Package ID does not change),,,severity HIGH
0072,slug:gangtok-with-pelling-and-kalimpong-tour-07-days,Gangtok with Pelling and Kalimpong Tour,Darjeeling & Sikkim,6 Nights / 7 Days,[MEDIUM] no inclusions listed; [MEDIUM] no exclusions listed; [LOW] no package image (photos to be supplied by the owner),APPROVE,,,severity MEDIUM
0073,slug:darjeeling-with-lachung-and-gangtok-08-days,Darjeeling with Lachung and gangtok Tour,Darjeeling & Sikkim,7 Nights / 8 Days,[LOW] no package image (photos to be supplied by the owner),APPROVE,,,severity LOW
0074,slug:gangtok-with-lachung-pelling-and-darjeeling-08-days,Gangtok with Lachung Pelling and Darjeeling Tour,Darjeeling & Sikkim,7 Nights / 8 Days,[LOW] no package image (photos to be supplied by the owner),APPROVE,,,severity LOW
0075,slug:kalimpong-with-gangtok-pelling-and-darjeeling-08-days,Kalimpong With Gangtok pelling and darjeeling Tour,Darjeeling & Sikkim,7 Nights / 8 Days,[LOW] no package image (photos to be supplied by the owner),APPROVE,,,severity LOW
0076,slug:darjeeling-with-kalimpong-pelling-lachung-and-gangtok-10-days,Darjeeling with Kalimpong pelling Lachung and gangtok Tour,Darjeeling & Sikkim,9 Nights / 10 Days,"[MEDIUM] title/URL names Kalimpong, which the itinerary never mentions; [LOW] no package image (photos to be supplied by the owner)",APPROVE,,,severity MEDIUM
0077,slug:kovalam-kanyakumari-tour-4-days,Kovalam Kanyakumari Tour,Kerala,3 Nights / 4 Days,"[HIGH] duration conflict: label 4 days, URL 4 days, itinerary 3 days, page title 4 days, description 4 days; [MEDIUM] title/URL names Kanyakumari, which the itinerary never mentions; [LOW] no package image (photos to be supplied by the owner)",APPROVE after correcting the duration data (the Package ID does not change),,,severity HIGH
0078,slug:munnar-alleppey-tour-package-04-days,Munnar Alleppey Tour Package,Kerala,3 Nights / 4 Days,"[MEDIUM] same or near-same title as 0083, 0084; [LOW] no package image (photos to be supplied by the owner)",APPROVE; consider a distinguishing title,,,severity MEDIUM
0079,slug:munnar-thekkady-tour-package-4-days,Munnar Thekkady Tour Package,Kerala,3 Nights / 4 Days,"[HIGH] duration conflict: label 4 days, URL 4 days, itinerary 3 days, page title 4 days, description 4 days; [LOW] no package image (photos to be supplied by the owner)",APPROVE after correcting the duration data (the Package ID does not change),,,severity HIGH
0080,slug:munnar-alleppey-kovalam-05-days,Munnar Alleppey Kovalam,Kerala,4 Nights / 5 Days,"[HIGH] duration conflict: label 5 days, URL 5 days, itinerary 3 days, page title 5 days, description 5 days; [MEDIUM] same or near-same title as 0082; [LOW] no package image (photos to be supplied by the owner)",APPROVE after correcting the duration data (the Package ID does not change),,,severity HIGH
0081,slug:munnar-thekkady-alleppey-05-days,Munnar Thekkady Alleppey,Kerala,4 Nights / 5 Days,[LOW] no package image (photos to be supplied by the owner),APPROVE,,,severity LOW
0082,slug:cochin-munnar-thekkedy-alleppey-06-days,Munnar Alleppey Kovalam,Kerala,5 Nights / 6 Days,"[HIGH] duration conflict: label 6 days, URL 6 days, itinerary 5 days, page title 6 days, description 6 days; [MEDIUM] title/URL names Kovalam, which the itinerary never mentions; [MEDIUM] no exclusions listed; [MEDIUM] same or near-same title as 0080; [LOW] no package image (photos to be supplied by the owner)",APPROVE after correcting the duration data (the Package ID does not change),,,severity HIGH
0083,slug:munnar-alleppey-kovalam-06-days,Munnar Alleppey Tour Package,Kerala,5 Nights / 6 Days,"[HIGH] no day-by-day itinerary on the page (not found anywhere in the project or git history); [MEDIUM] same or near-same title as 0078, 0084; [LOW] no package image (photos to be supplied by the owner)","REVIEW: approve the ID, but keep the page as Draft until an itinerary is supplied",,,severity HIGH
0084,slug:munnar-thekkady-alleppey-kovalam-trivandurum-07-days,Munnar Alleppey Tour Package,Kerala,6 Nights / 7 Days,"[MEDIUM] no inclusions listed; [MEDIUM] no exclusions listed; [MEDIUM] same or near-same title as 0083, 0078; [LOW] no package image (photos to be supplied by the owner)",APPROVE; consider a distinguishing title,,,severity MEDIUM
0085,slug:munnar-thekkady-alleppey--kovalam-kanyakumari-07-days,Munnar Thekkady Alleppey Kovalam Kanyakumari,Kerala,6 Nights / 7 Days,[LOW] no package image (photos to be supplied by the owner),APPROVE,,,severity LOW
0086,slug:mysore-coorg-04-days,Mysore Coorg tour,"Ooty, Mysore & Coorg",3 Nights / 4 Days,[MEDIUM] no inclusions listed; [MEDIUM] no exclusions listed; [LOW] no package image (photos to be supplied by the owner),APPROVE,,,overlap pair with 0089 | severity MEDIUM
0087,slug:mysore-wayand-04-days,Mysore wayand tour,"Ooty, Mysore & Coorg",3 Nights / 4 Days,[MEDIUM] no inclusions listed; [MEDIUM] no exclusions listed; [LOW] no package image (photos to be supplied by the owner),APPROVE,,,severity MEDIUM
0088,slug:bangalore-mysore-ooty-tour-05-days,Bangalore Mysore Ooty tour,"Ooty, Mysore & Coorg",4 Nights / 5 Days,[MEDIUM] no inclusions listed; [MEDIUM] no exclusions listed; [LOW] no package image (photos to be supplied by the owner),APPROVE,,,overlap pair with 0091 | severity MEDIUM
0089,slug:banglore-mysore-coorg--tour-05-days,Banglore Mysore Coorg Tour,"Ooty, Mysore & Coorg",4 Nights / 5 Days,[LOW] no package image (photos to be supplied by the owner),APPROVE,,,overlap pair with 0086 | severity LOW
0090,slug:mysore-ooty-kodaikanal-06-days,Mysore Ooty Kodaikanal Tour,"Ooty, Mysore & Coorg",5 Nights / 6 Days,[MEDIUM] no exclusions listed; [LOW] no package image (photos to be supplied by the owner),APPROVE,,,severity MEDIUM
0091,slug:ooty-mysore-04-days,Ooty Mysore tour,"Ooty, Mysore & Coorg",5 Nights / 6 Days,"[HIGH] duration conflict: label 6 days, URL 4 days, itinerary 4 days, page title 4 days, description 4 days; [MEDIUM] no inclusions listed; [MEDIUM] no exclusions listed; [LOW] no package image (photos to be supplied by the owner)",APPROVE after correcting the duration data (the Package ID does not change),,,overlap pair with 0088 | severity HIGH
0092,slug:delightful-goa-tour-3n-4d,Delightful Goa Tour,Goa,3 Nights / 4 Days,[LOW] no package image (photos to be supplied by the owner),APPROVE,,,"overlap pair with 0093, 0094, 0095, 0096 | severity LOW"
0093,slug:enticing-tour-to-goa-3n-4d,Enticing Tour to Goa,Goa,3 Nights / 4 Days,"[LOW] duration conflict: label 4 days, URL 4 days, itinerary 4 days, page title 4 days, description 5 days; [LOW] no package image (photos to be supplied by the owner)",APPROVE,,,"overlap pair with 0092, 0094, 0095, 0096 | severity LOW"
0094,slug:exclusive-goa-tour-3n-4d,Exclusive Goa Tour,Goa,3 Nights / 4 Days,[LOW] no package image (photos to be supplied by the owner),APPROVE,,,"overlap pair with 0092, 0093, 0095, 0096 | severity LOW"
0095,slug:fascinating-tour-to-goa-3n-4d,Fascinating Tour to Goa,Goa,3 Nights / 4 Days,[LOW] no package image (photos to be supplied by the owner),APPROVE,,,"overlap pair with 0092, 0093, 0094, 0096 | severity LOW"
0096,slug:sun-kissed-goa-escape,Sun Kissed Goa Escape Tour Package,Goa,3 Nights / 4 Days,"[MEDIUM] title/URL names Goa, which the itinerary never mentions; [LOW] no package image (photos to be supplied by the owner)",APPROVE,,,"overlap pair with 0092, 0093, 0094, 0095 | severity MEDIUM"
0097,slug:best-of-dubai-tour,Best of Dubai tour,Dubai,2 Nights / 3 Days,[LOW] no package image (photos to be supplied by the owner),APPROVE,,,"overlap pair with 0098, 0099, 0100 | severity LOW"
0098,slug:dubai-family-trip-with-free-burj-khalifa-tickets,Dubai Family Trip with FREE Burj Khalifa Tickets,Dubai,2 Nights / 3 Days,[MEDIUM] no exclusions listed; [LOW] no package image (photos to be supplied by the owner),APPROVE,,,"overlap pair with 0097, 0099, 0100 | severity MEDIUM"
0099,slug:best-dubai-tour,Best Dubai Tour,Dubai,3 Nights / 4 Days,[LOW] no package image (photos to be supplied by the owner),APPROVE,,,"overlap pair with 0097, 0098, 0100, 0101, 0102 | severity LOW"
0100,slug:dubai-travel-packages,Dubai Travel Packages,Dubai,3 Nights / 4 Days,[LOW] no package image (photos to be supplied by the owner),APPROVE,,,"overlap pair with 0097, 0098, 0099, 0101, 0102 | severity LOW"
0101,slug:deluxe-tour-to-dubai-4n5d,Deluxe Tour to Dubai,Dubai,4 Nights / 5 Days,[LOW] no package image (photos to be supplied by the owner),"REVIEW, potential duplicate: add the real hotel/category difference (then APPROVE both) or MERGE",,,"overlap pair with 0099, 0100, 0102 | severity LOW"
0102,slug:standard-tour-to-dubai-4n5d,Standard Tour to Dubai,Dubai,4 Nights / 5 Days,[LOW] no package image (photos to be supplied by the owner),"REVIEW, potential duplicate: add the real hotel/category difference (then APPROVE both) or MERGE",,,"overlap pair with 0099, 0100, 0101 | severity LOW"
0103,slug:singapore-and-kuala-lumpur-tour-4n-5d,Singapore and Kuala Lumpur Tour,Singapore & Malaysia,4 Nights / 5 Days,[LOW] no package image (photos to be supplied by the owner),APPROVE,,,severity LOW
0104,slug:the-magical-tour-to-singapore,The Magical Tour to Singapore tour,Singapore & Malaysia,4 Nights / 5 Days,[LOW] no package image (photos to be supplied by the owner),APPROVE,,,severity LOW
0105,slug:serene-tour-to-singapore-with-thailand--8n-9d,Serene Tour to Singapore with Thailand,Singapore & Malaysia,8 Nights / 9 Days,[LOW] no package image (photos to be supplied by the owner),APPROVE,,,severity LOW
0106,slug:the-best-of-singapore-and-kuala-lumpur-with-pattaya-tour-8n-9d,The Best of Singapore and Kuala Lumpur with Pattaya tour,Singapore & Malaysia,8 Nights / 9 Days,[LOW] no package image (photos to be supplied by the owner),APPROVE,,,severity LOW
0107,slug:maldives-05-days,Maldives,Maldives,4 Nights / 5 Days,[LOW] no package image (photos to be supplied by the owner),APPROVE,,,severity LOW
