Tour No.,Package ID,Package Name,Destination,Duration,URL,Status,Approval Status,Notes
0001,slug:srinagar-gulmarg-tour-03nt04dy,Srinagar Gulmarg Tour Package,Kashmir,3 Nights / 4 Days,/srinagar-gulmarg-tour-03nt04dy,Published (static page),PENDING,suggested: KEEP
0002,slug:srinagar-gulmarg-pahalgam-tour-package-5-days,Srinagar Gulmarg Pahalgam Tour Package,Kashmir,4 Nights / 5 Days,/srinagar-gulmarg-pahalgam-tour-package-5-days,Published (static page),PENDING,suggested: KEEP
0003,slug:srinagar-gulmarg-sonmarg-day-trip-tour-package-5-days,Srinagar Gulmarg Sonmarg Day Trip Tour,Kashmir,4 Nights / 5 Days,/srinagar-gulmarg-sonmarg-day-trip-tour-package-5-days,Published (static page),PENDING,suggested: KEEP
0004,slug:srinagar-pahalgam-gulmarg-sonmarg-package-6-days,Srinagar Pahalgam Gulmarg Sonmarg Tour,Kashmir,4 Nights / 5 Days,/srinagar-pahalgam-gulmarg-sonmarg-package-6-days,Published (static page),PENDING,URL says 6 days but the page says 4 Nights / 5 Days | itinerary lists 6 days but the page says 5 days | suggested: KEEP (correct page data)
0005,slug:srinagar-gulmarg-pahalgam-tour-package-7-days,Srinagar Gulmarg Pahalgam Tour,Kashmir,6 Nights / 7 Days,/srinagar-gulmarg-pahalgam-tour-package-7-days,Published (static page),PENDING,no day-by-day itinerary on the page | suggested: KEEP (correct page data)
0006,slug:srinagar-gulmarg-sonmarg-pahalgam-katra-tour-package-8-days,Srinagar Gulmarg Sonmarg Pahalgam Katra Tour,Kashmir,7 Nights / 8 Days,/srinagar-gulmarg-sonmarg-pahalgam-katra-tour-package-8-days,Published (static page),PENDING,suggested: KEEP
0007,slug:breathtaking-leh-ladakh-tour-3n-4d,Breathtaking Leh Ladakh Tour,Leh Ladakh,3 Nights / 4 Days,/breathtaking-leh-ladakh-tour-3n-4d,Published (static page),PENDING,suggested: KEEP
0008,slug:special-leh-ladakh-tour-4n-5d,Special Leh Ladakh Tour,Leh Ladakh,4 Nights / 5 Days,/special-leh-ladakh-tour-4n-5d,Published (static page),PENDING,suggested: KEEP
0009,slug:jewels-of-leh-ladakh-package-5n6d,Jewels of Leh Ladakh Tour,Leh Ladakh,5 Nights / 6 Days,/jewels-of-leh-ladakh-package-5n6d,Published (static page),PENDING,possible overlap with 0010 | suggested: KEEP (correct page data)
0010,slug:panorama-ladakh-tour-6n7d,Panorama Ladakh tour,Leh Ladakh,5 Nights / 6 Days,/panorama-ladakh-tour-6n7d,Published (static page),PENDING,possible overlap with 0009 | URL says 7 days but the page says 5 Nights / 6 Days | itinerary lists 7 days but the page says 6 days | suggested: KEEP (correct page data)
0011,slug:serene-leh-ladakh-tour-7n-8d,Serene Leh Ladakh Tour,Leh Ladakh,7 Nights / 8 Days,/serene-leh-ladakh-tour-7n-8d,Published (static page),PENDING,possible overlap with 0012 | suggested: KEEP (correct page data)
0012,slug:discover-leh-ladakh-tour-8n-9d,Discover Leh Ladakh Tour,Leh Ladakh,8 Nights / 9 Days,/discover-leh-ladakh-tour-8n-9d,Published (static page),PENDING,possible overlap with 0011 | itinerary lists 8 days but the page says 9 days | suggested: KEEP (correct page data)
0013,slug:best-of-shimla-vacation,Best of Shimla Vacation,Himachal Pradesh,2 Nights / 3 Days,/best-of-shimla-vacation,Published (static page),PENDING,possible overlap with 0014 | no day-by-day itinerary on the page | suggested: REVIEW
0014,slug:best-of-shimla,Best of Shimla,Himachal Pradesh,3 Nights / 4 Days,/best-of-shimla,Published (static page),PENDING,possible overlap with 0013 | suggested: REVIEW
0015,slug:amritsar-with-dalhousie-dharamshala-05-days,Amritsar with Dalhousie Dharamshala,Himachal Pradesh,4 Nights / 5 Days,/amritsar-with-dalhousie-dharamshala-05-days,Published (static page),PENDING,possible overlap with 0019 | suggested: KEEP
0016,slug:blissful-tour-to-himachal-pradesh-4n-5d,Blissful Tour to Himachal Pradesh,Himachal Pradesh,4 Nights / 5 Days,/blissful-tour-to-himachal-pradesh-4n-5d,Published (static page),PENDING,suggested: KEEP
0017,slug:manali-volvo-vrip-weekend,Manali Volvo Trip weekend,Himachal Pradesh,4 Nights / 5 Days,/manali-volvo-vrip-weekend,Published (static page),PENDING,possible overlap with 0020 | suggested: KEEP
0018,slug:manali-with-manikaran,Manali with Manikaran,Himachal Pradesh,4 Nights / 5 Days,/manali-with-manikaran,Published (static page),PENDING,suggested: KEEP
0019,slug:amrirsar-with-dalhousie-and-dharamshala-06-days,Amrirsar with Dalhousie and Dharamshala,Himachal Pradesh,5 Nights / 6 Days,/amrirsar-with-dalhousie-and-dharamshala-06-days,Published (static page),PENDING,possible overlap with 0015 | suggested: KEEP
0020,slug:best-of-manali-with-delhi-by-volvo,Best of Manali with Delhi By Volvo,Himachal Pradesh,5 Nights / 6 Days,/best-of-manali-with-delhi-by-volvo,Published (static page),PENDING,possible overlap with 0017 | suggested: KEEP
0021,slug:manali-with-dharamshala-and-amritsar-06-days,Manali with Dharamshala and amritsar,Himachal Pradesh,5 Nights / 6 Days,/manali-with-dharamshala-and-amritsar-06-days,Published (static page),PENDING,suggested: KEEP
0022,slug:shimla-manali-tour-06-days,Shimla Manali Tour,Himachal Pradesh,5 Nights / 6 Days,/shimla-manali-tour-06-days,Published (static page),PENDING,possible overlap with 0023 | suggested: KEEP
0023,slug:shimla-manali-with-chandigarh-06-days,Shimla Manali with Chandigarh,Himachal Pradesh,5 Nights / 6 Days,/shimla-manali-with-chandigarh-06-days,Published (static page),PENDING,possible overlap with 0022 | suggested: KEEP
0024,slug:amritsar-with-dalhousie-dharamshala-and-chandigarh-07-days,Amritsar with Dalhousie Dharamshala and Chandigarh,Himachal Pradesh,6 Nights / 7 Days,/amritsar-with-dalhousie-dharamshala-and-chandigarh-07-days,Published (static page),PENDING,suggested: KEEP
0025,slug:best-of-shimla-and-manali,Best of Shimla and Manali,Himachal Pradesh,6 Nights / 7 Days,/best-of-shimla-and-manali,Published (static page),PENDING,suggested: KEEP
0026,slug:shimla-manali-with-dalhousie-amritsar-08-days,Shimla Manali with Dalhousie Amritsar,Himachal Pradesh,7 Nights / 8 Days,/shimla-manali-with-dalhousie-amritsar-08-days,Published (static page),PENDING,suggested: KEEP
0027,slug:shimla-manali-with-dharmshala-dalhousie-and-amritsar-09-days,Shimla Manali with Dharmshala Dalhousie and Amritsar,Himachal Pradesh,8 Nights / 9 Days,/shimla-manali-with-dharmshala-dalhousie-and-amritsar-09-days,Published (static page),PENDING,suggested: KEEP
0028,slug:grand-himachal-with-mata-vaishno-devi--tour-13-days,Grand Himachal with Mata vaishno Devi Tour,Himachal Pradesh,12 Nights / 13 Days,/grand-himachal-with-mata-vaishno-devi--tour-13-days,Published (static page),PENDING,suggested: KEEP
0029,slug:haridwar-rishikesh-tour-03-days,Haridwar Rishikesh Tour,Uttarakhand,2 Nights / 3 Days,/haridwar-rishikesh-tour-03-days,Published (static page),PENDING,suggested: KEEP
0030,slug:mussoorie-tour-03-days,Mussoorie Tour,Uttarakhand,2 Nights / 3 Days,/mussoorie-tour-03-days,Published (static page),PENDING,suggested: KEEP
0031,slug:nainital-tour-03-days,Nainital Tour,Uttarakhand,2 Nights / 3 Days,/nainital-tour-03-days,Published (static page),PENDING,suggested: KEEP
0032,slug:uttarakhand-mussoorie-with-rishikesh-flight-inclusive,Uttarakhand Mussoorie With Rishikesh Flight Inclusive,Uttarakhand,2 Nights / 3 Days,/uttarakhand-mussoorie-with-rishikesh-flight-inclusive,Published (static page),PENDING,suggested: KEEP
0033,slug:corbett-with-nainital-04-days,Corbett with Nainital,Uttarakhand,3 Nights / 4 Days,/corbett-with-nainital-04-days,Published (static page),PENDING,suggested: KEEP
0034,slug:haridwar-rishikesh-mussoorie-04-days,Haridwar Rishikesh Mussoorie,Uttarakhand,3 Nights / 4 Days,/haridwar-rishikesh-mussoorie-04-days,Published (static page),PENDING,suggested: KEEP
0035,slug:mussoorie-with-jim-corbett-04-days,Mussoorie with Jim Corbett,Uttarakhand,3 Nights / 4 Days,/mussoorie-with-jim-corbett-04-days,Published (static page),PENDING,suggested: KEEP
0036,slug:haridwar-with-mussoorie-and-jim-corbett-05-days,Haridwar with Mussoorie and Jim Corbett,Uttarakhand,4 Nights / 5 Days,/haridwar-with-mussoorie-and-jim-corbett-05-days,Published (static page),PENDING,possible overlap with 0040 | suggested: KEEP
0037,slug:nainital-with-almora-and-jim-corbett-05-days,Nainital with Almora and jim corbett,Uttarakhand,4 Nights / 5 Days,/nainital-with-almora-and-jim-corbett-05-days,Published (static page),PENDING,itinerary lists 3 days but the page says 5 days | suggested: KEEP (correct page data)
0038,slug:nainital-with-kausani-and-jim-corbett-05-days,Nainital with Kausani and Jim Corbett,Uttarakhand,4 Nights / 5 Days,/nainital-with-kausani-and-jim-corbett-05-days,Published (static page),PENDING,possible overlap with 0042 | same title as 0042 | suggested: KEEP
0039,slug:nainital-with-ranikhet--jim-corbett,Nainital with Ranikhet Jim Corbett,Uttarakhand,4 Nights / 5 Days,/nainital-with-ranikhet--jim-corbett,Published (static page),PENDING,possible overlap with 0043 | same title as 0043 | suggested: KEEP
0040,slug:haridwar--with-mussoorie-and-corbett-06-days,Haridwar with Mussoorie and Corbett,Uttarakhand,5 Nights / 6 Days,/haridwar--with-mussoorie-and-corbett-06-days,Published (static page),PENDING,possible overlap with 0036 | suggested: KEEP
0041,slug:mussoorie-with-nainital-and-jim-corbett-06-days,Mussoorie with Nainital and Jim Corbett,Uttarakhand,5 Nights / 6 Days,/mussoorie-with-nainital-and-jim-corbett-06-days,Published (static page),PENDING,possible overlap with 0044 | suggested: KEEP
0042,slug:nainital-with-kausani-and-jim-corbett-06-days,Nainital with Kausani and Jim Corbett,Uttarakhand,5 Nights / 6 Days,/nainital-with-kausani-and-jim-corbett-06-days,Published (static page),PENDING,possible overlap with 0038 | same title as 0038 | suggested: KEEP
0043,slug:nainital-with-ranikhet-and-jim-corbett-06-days,Nainital with Ranikhet and jim corbett,Uttarakhand,5 Nights / 6 Days,/nainital-with-ranikhet-and-jim-corbett-06-days,Published (static page),PENDING,possible overlap with 0039 | same title as 0039 | suggested: KEEP
0044,slug:corbett-with-nainital-and-mussoorie-07-days,Corbett With Nainital and mussoorie,Uttarakhand,6 Nights / 7 Days,/corbett-with-nainital-and-mussoorie-07-days,Published (static page),PENDING,possible overlap with 0041 | suggested: KEEP
0045,slug:haridwar-with-rishikesh-mussoorie-nainital-and-jim-corbett-07-days,Haridwar With Rishikesh Mussoorie Nainital and Jim Corbett,Uttarakhand,6 Nights / 7 Days,/haridwar-with-rishikesh-mussoorie-nainital-and-jim-corbett-07-days,Published (static page),PENDING,suggested: KEEP
0046,slug:mussoorie-with-nainital-almora-and-jim-corbett--07-days,Mussoorie with Nainital Almora and Jim Corbett,Uttarakhand,6 Nights / 7 Days,/mussoorie-with-nainital-almora-and-jim-corbett--07-days,Published (static page),PENDING,suggested: KEEP
0047,slug:nainital-with-ranikhet-kausani-and-jim-corbett-07-days,Nainital with Ranikhet kausani and Jim corbett,Uttarakhand,6 Nights / 7 Days,/nainital-with-ranikhet-kausani-and-jim-corbett-07-days,Published (static page),PENDING,suggested: KEEP
0048,slug:haridwar-with-mussoorie-corbett-kausani-and-nainital-08-days,Haridwar with Mussoorie corbett Kausani and Nainital Tour,Uttarakhand,7 Nights / 8 Days,/haridwar-with-mussoorie-corbett-kausani-and-nainital-08-days,Published (static page),PENDING,suggested: KEEP
0049,slug:mussoorie-with-corbett-ranikhet-kausani-and-nainital-08-days,Mussoorie with corbett Ranikhet Kausani and Nainital,Uttarakhand,7 Nights / 8 Days,/mussoorie-with-corbett-ranikhet-kausani-and-nainital-08-days,Published (static page),PENDING,suggested: KEEP
0050,slug:nainital-with-ranikhet-kausani-jim-corbett-and-haridwar-08-days,Nainital with Ranikhet Kausani jim Corbett and Haridwar,Uttarakhand,7 Nights / 8 Days,/nainital-with-ranikhet-kausani-jim-corbett-and-haridwar-08-days,Published (static page),PENDING,suggested: KEEP
0051,slug:do-dham-kedar–badri-from-haridwar-4n-5d,Do Dham Yatra (Kedarnath - Badrinath) Tour from Haridwar 5 Days Package,Char Dham Yatra,04 Nights / 05 Days,/do-dham-kedar–badri-from-haridwar-4n-5d,Published (static page),PENDING,possible overlap with 0052 | suggested: KEEP
0052,slug:do-dham-kedar–badri-from-haridwar-5n-6d,6-Day Do Dham Yatra (Kedarnath & Badrinath) Tour from Haridwar,Char Dham Yatra,5 Nights / 6 Days,/do-dham-kedar–badri-from-haridwar-5n-6d,Published (static page),PENDING,possible overlap with 0051 | suggested: KEEP
0053,slug:chardham-yatra-by-helicopter,Chardham Yatra By Helicopter Tour,Char Dham Yatra,5 Nights / 6 Days,/chardham-yatra-by-helicopter,Published (static page),PENDING,suggested: KEEP
0054,slug:char-dham-yatra-from-delhi-11n-12d,Char Dham yatra Package from Haridwar for 9 Days,Char Dham Yatra,08 Nights / 09 Days,/char-dham-yatra-from-delhi-11n-12d,Published (static page),PENDING,"possible overlap with 0055, 0056 | same title as 0055 | URL says 12 days but the page says 08 Nights / 09 Days | itinerary lists 10 days but the page says 9 days | URL says ""from Delhi"" but the page content is ""Char Dham yatra Package from Haridwar for 9 Days"" | suggested: REVIEW (URL/content mismatch)"
0055,slug:chardham-yatra-from-haridwar-8n-9d,Char Dham yatra Package from Haridwar for 9 Days,Char Dham Yatra,08 Nights / 09 Days,/chardham-yatra-from-haridwar-8n-9d,Published (static page),PENDING,"possible overlap with 0054, 0056 | same title as 0054 | itinerary lists 10 days but the page says 9 days | suggested: REVIEW (see 0054)"
0056,slug:char-dham-yatra-from-haridwar-9n-10d,Char Dham yatra Package from Haridwar,Char Dham Yatra,9 Nights / 10 Days,/char-dham-yatra-from-haridwar-9n-10d,Published (static page),PENDING,"possible overlap with 0054, 0055 | suggested: KEEP (correct page data)"
0057,slug:yamunotri-gangotri-do-dham-from-delhi-6n-7d,Yamunotri Gangotri Do Dham Yatra from Delhi,Char Dham Yatra,9 Nights / 10 Days,/yamunotri-gangotri-do-dham-from-delhi-6n-7d,Published (static page),PENDING,URL says 7 days but the page says 9 Nights / 10 Days | itinerary lists 7 days but the page says 10 days | suggested: KEEP (correct page data)
0058,slug:char-dham-yatra-from-delhi-10n-11d,Char Dham yatra Package from delhi for 11 Days,Char Dham Yatra,10 Nights / 11 Days,/char-dham-yatra-from-delhi-10n-11d,Published (static page),PENDING,suggested: KEEP
0059,slug:chardham-package,Chardham Package 12 Days Ex Delhi Tour,Char Dham Yatra,11 Nights / 12 Days,/chardham-package,Published (static page),PENDING,suggested: KEEP
0060,slug:amarnath-ji-yatra-by-helicopter-2n-3d,Amarnath Ji Tour Package by Helicopter for 2 Nights 3 Days,Amarnath Yatra,2 Nights / 3 Days,/amarnath-ji-yatra-by-helicopter-2n-3d,Published (static page),PENDING,possible overlap with 0061 | suggested: KEEP
0061,slug:amarnath-ji-yatra-by-helicopter-3n-4d,Amarnath Ji Yatra by Helicopter – 3 Nights 4 Days with Srinagar Tour,Amarnath Yatra,3 Nights / 4 Days,/amarnath-ji-yatra-by-helicopter-3n-4d,Published (static page),PENDING,possible overlap with 0060 | suggested: KEEP
0062,slug:amarnath-ji-yatra-with-srinagar-4n-5d,Amarnath Ji Yatra with Srinagar – 4 Nights 5 Days Package,Amarnath Yatra,4 Nights / 5 Days,/amarnath-ji-yatra-with-srinagar-4n-5d,Published (static page),PENDING,suggested: KEEP
0063,slug:amarnath-ji-yatra-via-pahalgam-5n-6d,Amarnath Ji Yatra via Pahalgam 5 Nights 6 Days Spiritual Journey,Amarnath Yatra,5 Nights / 6 Days,/amarnath-ji-yatra-via-pahalgam-5n-6d,Published (static page),PENDING,suggested: KEEP
0064,slug:darjeeling-gangtok-04-days,Darjeeling Gangtok Tour,Darjeeling & Sikkim,3 Nights / 4 Days,/darjeeling-gangtok-04-days,Published (static page),PENDING,"possible overlap with 0066, 0067 | same title as 0066, 0067 | suggested: KEEP (correct page data)"
0065,slug:darjeeling-kalimpong-04-days,Darjeeling Kalimpong Tour,Darjeeling & Sikkim,3 Nights / 4 Days,/darjeeling-kalimpong-04-days,Published (static page),PENDING,suggested: KEEP
0066,slug:darjeeling-and-gangtok-06-days,Darjeeling and Gangtok Tour,Darjeeling & Sikkim,4 Nights / 5 Days,/darjeeling-and-gangtok-06-days,Published (static page),PENDING,"possible overlap with 0064, 0067 | same title as 0064, 0067 | URL says 6 days but the page says 4 Nights / 5 Days | itinerary lists 6 days but the page says 5 days | suggested: REVIEW"
0067,slug:darjeeling-gangtok-05-days,Darjeeling Gangtok Tour,Darjeeling & Sikkim,4 Nights / 5 Days,/darjeeling-gangtok-05-days,Published (static page),PENDING,"possible overlap with 0064, 0066 | same title as 0066, 0064 | suggested: REVIEW"
0068,slug:gangtok-pelling-tour-05-days,Gangtok Pelling Tour,Darjeeling & Sikkim,4 Nights / 5 Days,/gangtok-pelling-tour-05-days,Published (static page),PENDING,suggested: KEEP
0069,slug:darjeeling-with-kalimpong-and-gangtok-06-days,Darjeeling with Kalimpong and Gangtok Tour,Darjeeling & Sikkim,5 Nights / 6 Days,/darjeeling-with-kalimpong-and-gangtok-06-days,Published (static page),PENDING,suggested: KEEP
0070,slug:darjeeling-with-pelling-and-gangtok-06-days,Darjeeling with Pelling and Gangtok Tour,Darjeeling & Sikkim,5 Nights / 6 Days,/darjeeling-with-pelling-and-gangtok-06-days,Published (static page),PENDING,suggested: KEEP
0071,slug:gangtok-with-lachen-and-lachung-07-days,Gangtok with lachen and Lachung Tour,Darjeeling & Sikkim,5 Nights / 6 Days,/gangtok-with-lachen-and-lachung-07-days,Published (static page),PENDING,URL says 7 days but the page says 5 Nights / 6 Days | itinerary lists 7 days but the page says 6 days | suggested: KEEP (correct page data)
0072,slug:gangtok-with-pelling-and-kalimpong-tour-07-days,Gangtok with Pelling and Kalimpong Tour,Darjeeling & Sikkim,6 Nights / 7 Days,/gangtok-with-pelling-and-kalimpong-tour-07-days,Published (static page),PENDING,suggested: KEEP
0073,slug:darjeeling-with-lachung-and-gangtok-08-days,Darjeeling with Lachung and gangtok Tour,Darjeeling & Sikkim,7 Nights / 8 Days,/darjeeling-with-lachung-and-gangtok-08-days,Published (static page),PENDING,suggested: KEEP
0074,slug:gangtok-with-lachung-pelling-and-darjeeling-08-days,Gangtok with Lachung Pelling and Darjeeling Tour,Darjeeling & Sikkim,7 Nights / 8 Days,/gangtok-with-lachung-pelling-and-darjeeling-08-days,Published (static page),PENDING,suggested: KEEP
0075,slug:kalimpong-with-gangtok-pelling-and-darjeeling-08-days,Kalimpong With Gangtok pelling and darjeeling Tour,Darjeeling & Sikkim,7 Nights / 8 Days,/kalimpong-with-gangtok-pelling-and-darjeeling-08-days,Published (static page),PENDING,suggested: KEEP
0076,slug:darjeeling-with-kalimpong-pelling-lachung-and-gangtok-10-days,Darjeeling with Kalimpong pelling Lachung and gangtok Tour,Darjeeling & Sikkim,9 Nights / 10 Days,/darjeeling-with-kalimpong-pelling-lachung-and-gangtok-10-days,Published (static page),PENDING,suggested: KEEP
0077,slug:kovalam-kanyakumari-tour-4-days,Kovalam Kanyakumari Tour,Kerala,3 Nights / 4 Days,/kovalam-kanyakumari-tour-4-days,Published (static page),PENDING,itinerary lists 3 days but the page says 4 days | suggested: KEEP (correct page data)
0078,slug:munnar-alleppey-tour-package-04-days,Munnar Alleppey Tour Package,Kerala,3 Nights / 4 Days,/munnar-alleppey-tour-package-04-days,Published (static page),PENDING,"same title as 0083, 0084 | suggested: KEEP (rename to tell apart)"
0079,slug:munnar-thekkady-tour-package-4-days,Munnar Thekkady Tour Package,Kerala,3 Nights / 4 Days,/munnar-thekkady-tour-package-4-days,Published (static page),PENDING,itinerary lists 3 days but the page says 4 days | suggested: KEEP (correct page data)
0080,slug:munnar-alleppey-kovalam-05-days,Munnar Alleppey Kovalam,Kerala,4 Nights / 5 Days,/munnar-alleppey-kovalam-05-days,Published (static page),PENDING,same title as 0082 | itinerary lists 3 days but the page says 5 days | suggested: KEEP (correct page data)
0081,slug:munnar-thekkady-alleppey-05-days,Munnar Thekkady Alleppey,Kerala,4 Nights / 5 Days,/munnar-thekkady-alleppey-05-days,Published (static page),PENDING,suggested: KEEP
0082,slug:cochin-munnar-thekkedy-alleppey-06-days,Munnar Alleppey Kovalam,Kerala,5 Nights / 6 Days,/cochin-munnar-thekkedy-alleppey-06-days,Published (static page),PENDING,same title as 0080 | itinerary lists 5 days but the page says 6 days | suggested: KEEP (correct page data)
0083,slug:munnar-alleppey-kovalam-06-days,Munnar Alleppey Tour Package,Kerala,5 Nights / 6 Days,/munnar-alleppey-kovalam-06-days,Published (static page),PENDING,"same title as 0078, 0084 | no day-by-day itinerary on the page | suggested: KEEP (correct page data)"
0084,slug:munnar-thekkady-alleppey-kovalam-trivandurum-07-days,Munnar Alleppey Tour Package,Kerala,6 Nights / 7 Days,/munnar-thekkady-alleppey-kovalam-trivandurum-07-days,Published (static page),PENDING,"same title as 0083, 0078 | suggested: KEEP (rename to tell apart)"
0085,slug:munnar-thekkady-alleppey--kovalam-kanyakumari-07-days,Munnar Thekkady Alleppey Kovalam Kanyakumari,Kerala,6 Nights / 7 Days,/munnar-thekkady-alleppey--kovalam-kanyakumari-07-days,Published (static page),PENDING,suggested: KEEP
0086,slug:mysore-coorg-04-days,Mysore Coorg tour,"Ooty, Mysore & Coorg",3 Nights / 4 Days,/mysore-coorg-04-days,Published (static page),PENDING,possible overlap with 0089 | suggested: KEEP
0087,slug:mysore-wayand-04-days,Mysore wayand tour,"Ooty, Mysore & Coorg",3 Nights / 4 Days,/mysore-wayand-04-days,Published (static page),PENDING,suggested: KEEP
0088,slug:bangalore-mysore-ooty-tour-05-days,Bangalore Mysore Ooty tour,"Ooty, Mysore & Coorg",4 Nights / 5 Days,/bangalore-mysore-ooty-tour-05-days,Published (static page),PENDING,possible overlap with 0091 | suggested: KEEP (correct page data)
0089,slug:banglore-mysore-coorg--tour-05-days,Banglore Mysore Coorg Tour,"Ooty, Mysore & Coorg",4 Nights / 5 Days,/banglore-mysore-coorg--tour-05-days,Published (static page),PENDING,possible overlap with 0086 | suggested: KEEP
0090,slug:mysore-ooty-kodaikanal-06-days,Mysore Ooty Kodaikanal Tour,"Ooty, Mysore & Coorg",5 Nights / 6 Days,/mysore-ooty-kodaikanal-06-days,Published (static page),PENDING,suggested: KEEP
0091,slug:ooty-mysore-04-days,Ooty Mysore tour,"Ooty, Mysore & Coorg",5 Nights / 6 Days,/ooty-mysore-04-days,Published (static page),PENDING,possible overlap with 0088 | URL says 4 days but the page says 5 Nights / 6 Days | itinerary lists 4 days but the page says 6 days | suggested: KEEP (correct page data)
0092,slug:delightful-goa-tour-3n-4d,Delightful Goa Tour,Goa,3 Nights / 4 Days,/delightful-goa-tour-3n-4d,Published (static page),PENDING,"possible overlap with 0093, 0094, 0095, 0096 | suggested: KEEP"
0093,slug:enticing-tour-to-goa-3n-4d,Enticing Tour to Goa,Goa,3 Nights / 4 Days,/enticing-tour-to-goa-3n-4d,Published (static page),PENDING,"possible overlap with 0092, 0094, 0095, 0096 | suggested: KEEP"
0094,slug:exclusive-goa-tour-3n-4d,Exclusive Goa Tour,Goa,3 Nights / 4 Days,/exclusive-goa-tour-3n-4d,Published (static page),PENDING,"possible overlap with 0092, 0093, 0095, 0096 | suggested: KEEP"
0095,slug:fascinating-tour-to-goa-3n-4d,Fascinating Tour to Goa,Goa,3 Nights / 4 Days,/fascinating-tour-to-goa-3n-4d,Published (static page),PENDING,"possible overlap with 0092, 0093, 0094, 0096 | suggested: KEEP"
0096,slug:sun-kissed-goa-escape,Sun Kissed Goa Escape Tour Package,Goa,3 Nights / 4 Days,/sun-kissed-goa-escape,Published (static page),PENDING,"possible overlap with 0092, 0093, 0094, 0095 | suggested: KEEP"
0097,slug:best-of-dubai-tour,Best of Dubai tour,Dubai,2 Nights / 3 Days,/best-of-dubai-tour,Published (static page),PENDING,"possible overlap with 0098, 0099, 0100 | suggested: KEEP"
0098,slug:dubai-family-trip-with-free-burj-khalifa-tickets,Dubai Family Trip with FREE Burj Khalifa Tickets,Dubai,2 Nights / 3 Days,/dubai-family-trip-with-free-burj-khalifa-tickets,Published (static page),PENDING,"possible overlap with 0097, 0099, 0100 | suggested: KEEP"
0099,slug:best-dubai-tour,Best Dubai Tour,Dubai,3 Nights / 4 Days,/best-dubai-tour,Published (static page),PENDING,"possible overlap with 0097, 0098, 0100, 0101, 0102 | suggested: KEEP"
0100,slug:dubai-travel-packages,Dubai Travel Packages,Dubai,3 Nights / 4 Days,/dubai-travel-packages,Published (static page),PENDING,"possible overlap with 0097, 0098, 0099, 0101, 0102 | suggested: KEEP"
0101,slug:deluxe-tour-to-dubai-4n5d,Deluxe Tour to Dubai,Dubai,4 Nights / 5 Days,/deluxe-tour-to-dubai-4n5d,Published (static page),PENDING,"possible overlap with 0099, 0100, 0102 | suggested: REVIEW"
0102,slug:standard-tour-to-dubai-4n5d,Standard Tour to Dubai,Dubai,4 Nights / 5 Days,/standard-tour-to-dubai-4n5d,Published (static page),PENDING,"possible overlap with 0099, 0100, 0101 | suggested: REVIEW"
0103,slug:singapore-and-kuala-lumpur-tour-4n-5d,Singapore and Kuala Lumpur Tour,Singapore & Malaysia,4 Nights / 5 Days,/singapore-and-kuala-lumpur-tour-4n-5d,Published (static page),PENDING,suggested: KEEP
0104,slug:the-magical-tour-to-singapore,The Magical Tour to Singapore tour,Singapore & Malaysia,4 Nights / 5 Days,/the-magical-tour-to-singapore,Published (static page),PENDING,suggested: KEEP
0105,slug:serene-tour-to-singapore-with-thailand--8n-9d,Serene Tour to Singapore with Thailand,Singapore & Malaysia,8 Nights / 9 Days,/serene-tour-to-singapore-with-thailand--8n-9d,Published (static page),PENDING,suggested: KEEP
0106,slug:the-best-of-singapore-and-kuala-lumpur-with-pattaya-tour-8n-9d,The Best of Singapore and Kuala Lumpur with Pattaya tour,Singapore & Malaysia,8 Nights / 9 Days,/the-best-of-singapore-and-kuala-lumpur-with-pattaya-tour-8n-9d,Published (static page),PENDING,suggested: KEEP
0107,slug:maldives-05-days,Maldives,Maldives,4 Nights / 5 Days,/maldives-05-days,Published (static page),PENDING,suggested: KEEP
