Package ID (proposed),Package name,Existing URL,Destination,Duration,Current price,Current status,Mapping status,Review note
0001,Srinagar Gulmarg Tour Package,/srinagar-gulmarg-tour-03nt04dy,Kashmir,3 Nights / 4 Days,Price on request (no approved rate),Published (static page),proposed,
0002,Srinagar Gulmarg Pahalgam Tour Package,/srinagar-gulmarg-pahalgam-tour-package-5-days,Kashmir,4 Nights / 5 Days,Price on request (no approved rate),Published (static page),proposed,
0003,Srinagar Gulmarg Sonmarg Day Trip Tour,/srinagar-gulmarg-sonmarg-day-trip-tour-package-5-days,Kashmir,4 Nights / 5 Days,Price on request (no approved rate),Published (static page),proposed,
0004,Srinagar Pahalgam Gulmarg Sonmarg Tour,/srinagar-pahalgam-gulmarg-sonmarg-package-6-days,Kashmir,4 Nights / 5 Days,Price on request (no approved rate),Published (static page),proposed,
0005,Srinagar Gulmarg Pahalgam Tour,/srinagar-gulmarg-pahalgam-tour-package-7-days,Kashmir,6 Nights / 7 Days,Price on request (no approved rate),Published (static page),proposed,no day-by-day itinerary on page | data warnings: no day-by-day itinerary on the page
0006,Srinagar Gulmarg Sonmarg Pahalgam Katra Tour,/srinagar-gulmarg-sonmarg-pahalgam-katra-tour-package-8-days,Kashmir,7 Nights / 8 Days,Price on request (no approved rate),Published (static page),proposed,
0007,Breathtaking Leh Ladakh Tour,/breathtaking-leh-ladakh-tour-3n-4d,Leh Ladakh,3 Nights / 4 Days,Price on request (no approved rate),Published (static page),proposed,
0008,Special Leh Ladakh Tour,/special-leh-ladakh-tour-4n-5d,Leh Ladakh,4 Nights / 5 Days,Price on request (no approved rate),Published (static page),proposed,
0009,Jewels of Leh Ladakh Tour,/jewels-of-leh-ladakh-package-5n6d,Leh Ladakh,5 Nights / 6 Days,Price on request (no approved rate),Published (static page),proposed,"possible overlap with /panorama-ladakh-tour-6n7d (same places, similar length: keep both, merge or retire?)"
0010,Panorama Ladakh tour,/panorama-ladakh-tour-6n7d,Leh Ladakh,5 Nights / 6 Days,Price on request (no approved rate),Published (static page),proposed,"possible overlap with /jewels-of-leh-ladakh-package-5n6d (same places, similar length: keep both, merge or retire?)"
0011,Serene Leh Ladakh Tour,/serene-leh-ladakh-tour-7n-8d,Leh Ladakh,7 Nights / 8 Days,Price on request (no approved rate),Published (static page),proposed,"possible overlap with /discover-leh-ladakh-tour-8n-9d (same places, similar length: keep both, merge or retire?)"
0012,Discover Leh Ladakh Tour,/discover-leh-ladakh-tour-8n-9d,Leh Ladakh,8 Nights / 9 Days,Price on request (no approved rate),Published (static page),proposed,"possible overlap with /serene-leh-ladakh-tour-7n-8d (same places, similar length: keep both, merge or retire?)"
0013,Best of Shimla Vacation,/best-of-shimla-vacation,Himachal Pradesh,2 Nights / 3 Days,Price on request (no approved rate),Published (static page),proposed,"possible overlap with /best-of-shimla (same places, similar length: keep both, merge or retire?) | no day-by-day itinerary on page | data warnings: no day-by-day itinerary on the page"
0014,Best of Shimla,/best-of-shimla,Himachal Pradesh,3 Nights / 4 Days,Price on request (no approved rate),Published (static page),proposed,"possible overlap with /best-of-shimla-vacation (same places, similar length: keep both, merge or retire?)"
0015,Amritsar with Dalhousie Dharamshala,/amritsar-with-dalhousie-dharamshala-05-days,Himachal Pradesh,4 Nights / 5 Days,Price on request (no approved rate),Published (static page),proposed,"possible overlap with /amrirsar-with-dalhousie-and-dharamshala-06-days (same places, similar length: keep both, merge or retire?)"
0016,Blissful Tour to Himachal Pradesh,/blissful-tour-to-himachal-pradesh-4n-5d,Himachal Pradesh,4 Nights / 5 Days,Price on request (no approved rate),Published (static page),proposed,
0017,Manali Volvo Trip weekend,/manali-volvo-vrip-weekend,Himachal Pradesh,4 Nights / 5 Days,Price on request (no approved rate),Published (static page),proposed,"possible overlap with /best-of-manali-with-delhi-by-volvo (same places, similar length: keep both, merge or retire?)"
0018,Manali with Manikaran,/manali-with-manikaran,Himachal Pradesh,4 Nights / 5 Days,Price on request (no approved rate),Published (static page),proposed,
0019,Amrirsar with Dalhousie and Dharamshala,/amrirsar-with-dalhousie-and-dharamshala-06-days,Himachal Pradesh,5 Nights / 6 Days,Price on request (no approved rate),Published (static page),proposed,"possible overlap with /amritsar-with-dalhousie-dharamshala-05-days (same places, similar length: keep both, merge or retire?)"
0020,Best of Manali with Delhi By Volvo,/best-of-manali-with-delhi-by-volvo,Himachal Pradesh,5 Nights / 6 Days,Price on request (no approved rate),Published (static page),proposed,"possible overlap with /manali-volvo-vrip-weekend (same places, similar length: keep both, merge or retire?)"
0021,Manali with Dharamshala and amritsar,/manali-with-dharamshala-and-amritsar-06-days,Himachal Pradesh,5 Nights / 6 Days,Price on request (no approved rate),Published (static page),proposed,
0022,Shimla Manali Tour,/shimla-manali-tour-06-days,Himachal Pradesh,5 Nights / 6 Days,Price on request (no approved rate),Published (static page),proposed,"possible overlap with /shimla-manali-with-chandigarh-06-days (same places, similar length: keep both, merge or retire?)"
0023,Shimla Manali with Chandigarh,/shimla-manali-with-chandigarh-06-days,Himachal Pradesh,5 Nights / 6 Days,Price on request (no approved rate),Published (static page),proposed,"possible overlap with /shimla-manali-tour-06-days (same places, similar length: keep both, merge or retire?)"
0024,Amritsar with Dalhousie Dharamshala and Chandigarh,/amritsar-with-dalhousie-dharamshala-and-chandigarh-07-days,Himachal Pradesh,6 Nights / 7 Days,Price on request (no approved rate),Published (static page),proposed,
0025,Best of Shimla and Manali,/best-of-shimla-and-manali,Himachal Pradesh,6 Nights / 7 Days,Price on request (no approved rate),Published (static page),proposed,
0026,Shimla Manali with Dalhousie Amritsar,/shimla-manali-with-dalhousie-amritsar-08-days,Himachal Pradesh,7 Nights / 8 Days,Price on request (no approved rate),Published (static page),proposed,
0027,Shimla Manali with Dharmshala Dalhousie and Amritsar,/shimla-manali-with-dharmshala-dalhousie-and-amritsar-09-days,Himachal Pradesh,8 Nights / 9 Days,Price on request (no approved rate),Published (static page),proposed,
0028,Grand Himachal with Mata vaishno Devi Tour,/grand-himachal-with-mata-vaishno-devi--tour-13-days,Himachal Pradesh,12 Nights / 13 Days,Price on request (no approved rate),Published (static page),proposed,
0029,Haridwar Rishikesh Tour,/haridwar-rishikesh-tour-03-days,Uttarakhand,2 Nights / 3 Days,Price on request (no approved rate),Published (static page),proposed,
0030,Mussoorie Tour,/mussoorie-tour-03-days,Uttarakhand,2 Nights / 3 Days,Price on request (no approved rate),Published (static page),proposed,
0031,Nainital Tour,/nainital-tour-03-days,Uttarakhand,2 Nights / 3 Days,Price on request (no approved rate),Published (static page),proposed,
0032,Uttarakhand Mussoorie With Rishikesh Flight Inclusive,/uttarakhand-mussoorie-with-rishikesh-flight-inclusive,Uttarakhand,2 Nights / 3 Days,Price on request (no approved rate),Published (static page),proposed,
0033,Corbett with Nainital,/corbett-with-nainital-04-days,Uttarakhand,3 Nights / 4 Days,Price on request (no approved rate),Published (static page),proposed,
0034,Haridwar Rishikesh Mussoorie,/haridwar-rishikesh-mussoorie-04-days,Uttarakhand,3 Nights / 4 Days,Price on request (no approved rate),Published (static page),proposed,
0035,Mussoorie with Jim Corbett,/mussoorie-with-jim-corbett-04-days,Uttarakhand,3 Nights / 4 Days,Price on request (no approved rate),Published (static page),proposed,
0036,Haridwar with Mussoorie and Jim Corbett,/haridwar-with-mussoorie-and-jim-corbett-05-days,Uttarakhand,4 Nights / 5 Days,Price on request (no approved rate),Published (static page),proposed,"possible overlap with /haridwar--with-mussoorie-and-corbett-06-days (same places, similar length: keep both, merge or retire?)"
0037,Nainital with Almora and jim corbett,/nainital-with-almora-and-jim-corbett-05-days,Uttarakhand,4 Nights / 5 Days,Price on request (no approved rate),Published (static page),proposed,data warnings: duration says 5 days but the itinerary has 3 days
0038,Nainital with Kausani and Jim Corbett,/nainital-with-kausani-and-jim-corbett-05-days,Uttarakhand,4 Nights / 5 Days,Price on request (no approved rate),Published (static page),proposed,"possible overlap with /nainital-with-kausani-and-jim-corbett-06-days (same places, similar length: keep both, merge or retire?)"
0039,Nainital with Ranikhet Jim Corbett,/nainital-with-ranikhet--jim-corbett,Uttarakhand,4 Nights / 5 Days,Price on request (no approved rate),Published (static page),proposed,"possible overlap with /nainital-with-ranikhet-and-jim-corbett-06-days (same places, similar length: keep both, merge or retire?)"
0040,Haridwar with Mussoorie and Corbett,/haridwar--with-mussoorie-and-corbett-06-days,Uttarakhand,5 Nights / 6 Days,Price on request (no approved rate),Published (static page),proposed,"possible overlap with /haridwar-with-mussoorie-and-jim-corbett-05-days (same places, similar length: keep both, merge or retire?)"
0041,Mussoorie with Nainital and Jim Corbett,/mussoorie-with-nainital-and-jim-corbett-06-days,Uttarakhand,5 Nights / 6 Days,Price on request (no approved rate),Published (static page),proposed,"possible overlap with /corbett-with-nainital-and-mussoorie-07-days (same places, similar length: keep both, merge or retire?)"
0042,Nainital with Kausani and Jim Corbett,/nainital-with-kausani-and-jim-corbett-06-days,Uttarakhand,5 Nights / 6 Days,Price on request (no approved rate),Published (static page),proposed,"possible overlap with /nainital-with-kausani-and-jim-corbett-05-days (same places, similar length: keep both, merge or retire?)"
0043,Nainital with Ranikhet and jim corbett,/nainital-with-ranikhet-and-jim-corbett-06-days,Uttarakhand,5 Nights / 6 Days,Price on request (no approved rate),Published (static page),proposed,"possible overlap with /nainital-with-ranikhet--jim-corbett (same places, similar length: keep both, merge or retire?)"
0044,Corbett With Nainital and mussoorie,/corbett-with-nainital-and-mussoorie-07-days,Uttarakhand,6 Nights / 7 Days,Price on request (no approved rate),Published (static page),proposed,"possible overlap with /mussoorie-with-nainital-and-jim-corbett-06-days (same places, similar length: keep both, merge or retire?)"
0045,Haridwar With Rishikesh Mussoorie Nainital and Jim Corbett,/haridwar-with-rishikesh-mussoorie-nainital-and-jim-corbett-07-days,Uttarakhand,6 Nights / 7 Days,Price on request (no approved rate),Published (static page),proposed,
0046,Mussoorie with Nainital Almora and Jim Corbett,/mussoorie-with-nainital-almora-and-jim-corbett--07-days,Uttarakhand,6 Nights / 7 Days,Price on request (no approved rate),Published (static page),proposed,
0047,Nainital with Ranikhet kausani and Jim corbett,/nainital-with-ranikhet-kausani-and-jim-corbett-07-days,Uttarakhand,6 Nights / 7 Days,Price on request (no approved rate),Published (static page),proposed,
0048,Haridwar with Mussoorie corbett Kausani and Nainital Tour,/haridwar-with-mussoorie-corbett-kausani-and-nainital-08-days,Uttarakhand,7 Nights / 8 Days,Price on request (no approved rate),Published (static page),proposed,
0049,Mussoorie with corbett Ranikhet Kausani and Nainital,/mussoorie-with-corbett-ranikhet-kausani-and-nainital-08-days,Uttarakhand,7 Nights / 8 Days,Price on request (no approved rate),Published (static page),proposed,
0050,Nainital with Ranikhet Kausani jim Corbett and Haridwar,/nainital-with-ranikhet-kausani-jim-corbett-and-haridwar-08-days,Uttarakhand,7 Nights / 8 Days,Price on request (no approved rate),Published (static page),proposed,
0051,Do Dham Yatra (Kedarnath - Badrinath) Tour from Haridwar 5 Days Package,/do-dham-kedar–badri-from-haridwar-4n-5d,Char Dham Yatra,04 Nights / 05 Days,Price on request (no approved rate),Published (static page),proposed,"possible overlap with /do-dham-kedar–badri-from-haridwar-5n-6d (same places, similar length: keep both, merge or retire?)"
0052,6-Day Do Dham Yatra (Kedarnath & Badrinath) Tour from Haridwar,/do-dham-kedar–badri-from-haridwar-5n-6d,Char Dham Yatra,5 Nights / 6 Days,Price on request (no approved rate),Published (static page),proposed,"possible overlap with /do-dham-kedar–badri-from-haridwar-4n-5d (same places, similar length: keep both, merge or retire?)"
0053,Chardham Yatra By Helicopter Tour,/chardham-yatra-by-helicopter,Char Dham Yatra,5 Nights / 6 Days,Price on request (no approved rate),Published (static page),proposed,
0054,Char Dham yatra Package from Haridwar for 9 Days,/char-dham-yatra-from-delhi-11n-12d,Char Dham Yatra,08 Nights / 09 Days,Price on request (no approved rate),Published (static page),proposed,"possible overlap with /char-dham-yatra-from-haridwar-9n-10d, /chardham-yatra-from-haridwar-8n-9d (same places, similar length: keep both, merge or retire?) | data warnings: URL says ""from Delhi"" but day 1 does not start there"
0055,Char Dham yatra Package from Haridwar for 9 Days,/chardham-yatra-from-haridwar-8n-9d,Char Dham Yatra,08 Nights / 09 Days,Price on request (no approved rate),Published (static page),proposed,"possible overlap with /char-dham-yatra-from-delhi-11n-12d, /char-dham-yatra-from-haridwar-9n-10d (same places, similar length: keep both, merge or retire?)"
0056,Char Dham yatra Package from Haridwar,/char-dham-yatra-from-haridwar-9n-10d,Char Dham Yatra,9 Nights / 10 Days,Price on request (no approved rate),Published (static page),proposed,"possible overlap with /char-dham-yatra-from-delhi-11n-12d, /chardham-yatra-from-haridwar-8n-9d (same places, similar length: keep both, merge or retire?)"
0057,Yamunotri Gangotri Do Dham Yatra from Delhi,/yamunotri-gangotri-do-dham-from-delhi-6n-7d,Char Dham Yatra,9 Nights / 10 Days,Price on request (no approved rate),Published (static page),proposed,data warnings: duration says 10 days but the itinerary has 7 days
0058,Char Dham yatra Package from delhi for 11 Days,/char-dham-yatra-from-delhi-10n-11d,Char Dham Yatra,10 Nights / 11 Days,Price on request (no approved rate),Published (static page),proposed,
0059,Chardham Package 12 Days Ex Delhi Tour,/chardham-package,Char Dham Yatra,11 Nights / 12 Days,Price on request (no approved rate),Published (static page),proposed,
0060,Amarnath Ji Tour Package by Helicopter for 2 Nights 3 Days,/amarnath-ji-yatra-by-helicopter-2n-3d,Amarnath Yatra,2 Nights / 3 Days,Price on request (no approved rate),Published (static page),proposed,"possible overlap with /amarnath-ji-yatra-by-helicopter-3n-4d (same places, similar length: keep both, merge or retire?)"
0061,Amarnath Ji Yatra by Helicopter – 3 Nights 4 Days with Srinagar Tour,/amarnath-ji-yatra-by-helicopter-3n-4d,Amarnath Yatra,3 Nights / 4 Days,Price on request (no approved rate),Published (static page),proposed,"possible overlap with /amarnath-ji-yatra-by-helicopter-2n-3d (same places, similar length: keep both, merge or retire?)"
0062,Amarnath Ji Yatra with Srinagar – 4 Nights 5 Days Package,/amarnath-ji-yatra-with-srinagar-4n-5d,Amarnath Yatra,4 Nights / 5 Days,Price on request (no approved rate),Published (static page),proposed,
0063,Amarnath Ji Yatra via Pahalgam 5 Nights 6 Days Spiritual Journey,/amarnath-ji-yatra-via-pahalgam-5n-6d,Amarnath Yatra,5 Nights / 6 Days,Price on request (no approved rate),Published (static page),proposed,
0064,Darjeeling Gangtok Tour,/darjeeling-gangtok-04-days,Darjeeling & Sikkim,3 Nights / 4 Days,Price on request (no approved rate),Published (static page),proposed,"possible overlap with /darjeeling-and-gangtok-06-days, /darjeeling-gangtok-05-days (same places, similar length: keep both, merge or retire?)"
0065,Darjeeling Kalimpong Tour,/darjeeling-kalimpong-04-days,Darjeeling & Sikkim,3 Nights / 4 Days,Price on request (no approved rate),Published (static page),proposed,
0066,Darjeeling and Gangtok Tour,/darjeeling-and-gangtok-06-days,Darjeeling & Sikkim,4 Nights / 5 Days,Price on request (no approved rate),Published (static page),proposed,"possible overlap with /darjeeling-gangtok-04-days, /darjeeling-gangtok-05-days (same places, similar length: keep both, merge or retire?)"
0067,Darjeeling Gangtok Tour,/darjeeling-gangtok-05-days,Darjeeling & Sikkim,4 Nights / 5 Days,Price on request (no approved rate),Published (static page),proposed,"possible overlap with /darjeeling-and-gangtok-06-days, /darjeeling-gangtok-04-days (same places, similar length: keep both, merge or retire?)"
0068,Gangtok Pelling Tour,/gangtok-pelling-tour-05-days,Darjeeling & Sikkim,4 Nights / 5 Days,Price on request (no approved rate),Published (static page),proposed,
0069,Darjeeling with Kalimpong and Gangtok Tour,/darjeeling-with-kalimpong-and-gangtok-06-days,Darjeeling & Sikkim,5 Nights / 6 Days,Price on request (no approved rate),Published (static page),proposed,
0070,Darjeeling with Pelling and Gangtok Tour,/darjeeling-with-pelling-and-gangtok-06-days,Darjeeling & Sikkim,5 Nights / 6 Days,Price on request (no approved rate),Published (static page),proposed,
0071,Gangtok with lachen and Lachung Tour,/gangtok-with-lachen-and-lachung-07-days,Darjeeling & Sikkim,5 Nights / 6 Days,Price on request (no approved rate),Published (static page),proposed,
0072,Gangtok with Pelling and Kalimpong Tour,/gangtok-with-pelling-and-kalimpong-tour-07-days,Darjeeling & Sikkim,6 Nights / 7 Days,Price on request (no approved rate),Published (static page),proposed,
0073,Darjeeling with Lachung and gangtok Tour,/darjeeling-with-lachung-and-gangtok-08-days,Darjeeling & Sikkim,7 Nights / 8 Days,Price on request (no approved rate),Published (static page),proposed,
0074,Gangtok with Lachung Pelling and Darjeeling Tour,/gangtok-with-lachung-pelling-and-darjeeling-08-days,Darjeeling & Sikkim,7 Nights / 8 Days,Price on request (no approved rate),Published (static page),proposed,
0075,Kalimpong With Gangtok pelling and darjeeling Tour,/kalimpong-with-gangtok-pelling-and-darjeeling-08-days,Darjeeling & Sikkim,7 Nights / 8 Days,Price on request (no approved rate),Published (static page),proposed,
0076,Darjeeling with Kalimpong pelling Lachung and gangtok Tour,/darjeeling-with-kalimpong-pelling-lachung-and-gangtok-10-days,Darjeeling & Sikkim,9 Nights / 10 Days,Price on request (no approved rate),Published (static page),proposed,
0077,Kovalam Kanyakumari Tour,/kovalam-kanyakumari-tour-4-days,Kerala,3 Nights / 4 Days,Price on request (no approved rate),Published (static page),proposed,
0078,Munnar Alleppey Tour Package,/munnar-alleppey-tour-package-04-days,Kerala,3 Nights / 4 Days,Price on request (no approved rate),Published (static page),proposed,
0079,Munnar Thekkady Tour Package,/munnar-thekkady-tour-package-4-days,Kerala,3 Nights / 4 Days,Price on request (no approved rate),Published (static page),proposed,
0080,Munnar Alleppey Kovalam,/munnar-alleppey-kovalam-05-days,Kerala,4 Nights / 5 Days,Price on request (no approved rate),Published (static page),proposed,data warnings: duration says 5 days but the itinerary has 3 days
0081,Munnar Thekkady Alleppey,/munnar-thekkady-alleppey-05-days,Kerala,4 Nights / 5 Days,Price on request (no approved rate),Published (static page),proposed,
0082,Munnar Alleppey Kovalam,/cochin-munnar-thekkedy-alleppey-06-days,Kerala,5 Nights / 6 Days,Price on request (no approved rate),Published (static page),proposed,
0083,Munnar Alleppey Tour Package,/munnar-alleppey-kovalam-06-days,Kerala,5 Nights / 6 Days,Price on request (no approved rate),Published (static page),proposed,no day-by-day itinerary on page | data warnings: no day-by-day itinerary on the page
0084,Munnar Alleppey Tour Package,/munnar-thekkady-alleppey-kovalam-trivandurum-07-days,Kerala,6 Nights / 7 Days,Price on request (no approved rate),Published (static page),proposed,
0085,Munnar Thekkady Alleppey Kovalam Kanyakumari,/munnar-thekkady-alleppey--kovalam-kanyakumari-07-days,Kerala,6 Nights / 7 Days,Price on request (no approved rate),Published (static page),proposed,
0086,Mysore Coorg tour,/mysore-coorg-04-days,"Ooty, Mysore & Coorg",3 Nights / 4 Days,Price on request (no approved rate),Published (static page),proposed,"possible overlap with /banglore-mysore-coorg--tour-05-days (same places, similar length: keep both, merge or retire?)"
0087,Mysore wayand tour,/mysore-wayand-04-days,"Ooty, Mysore & Coorg",3 Nights / 4 Days,Price on request (no approved rate),Published (static page),proposed,
0088,Bangalore Mysore Ooty tour,/bangalore-mysore-ooty-tour-05-days,"Ooty, Mysore & Coorg",4 Nights / 5 Days,Price on request (no approved rate),Published (static page),proposed,"possible overlap with /ooty-mysore-04-days (same places, similar length: keep both, merge or retire?)"
0089,Banglore Mysore Coorg Tour,/banglore-mysore-coorg--tour-05-days,"Ooty, Mysore & Coorg",4 Nights / 5 Days,Price on request (no approved rate),Published (static page),proposed,"possible overlap with /mysore-coorg-04-days (same places, similar length: keep both, merge or retire?)"
0090,Mysore Ooty Kodaikanal Tour,/mysore-ooty-kodaikanal-06-days,"Ooty, Mysore & Coorg",5 Nights / 6 Days,Price on request (no approved rate),Published (static page),proposed,
0091,Ooty Mysore tour,/ooty-mysore-04-days,"Ooty, Mysore & Coorg",5 Nights / 6 Days,Price on request (no approved rate),Published (static page),proposed,"possible overlap with /bangalore-mysore-ooty-tour-05-days (same places, similar length: keep both, merge or retire?) | data warnings: duration says 6 days but the itinerary has 4 days"
0092,Delightful Goa Tour,/delightful-goa-tour-3n-4d,Goa,3 Nights / 4 Days,Price on request (no approved rate),Published (static page),proposed,"possible overlap with /enticing-tour-to-goa-3n-4d, /exclusive-goa-tour-3n-4d, /fascinating-tour-to-goa-3n-4d, /sun-kissed-goa-escape (same places, similar length: keep both, merge or retire?)"
0093,Enticing Tour to Goa,/enticing-tour-to-goa-3n-4d,Goa,3 Nights / 4 Days,Price on request (no approved rate),Published (static page),proposed,"possible overlap with /delightful-goa-tour-3n-4d, /exclusive-goa-tour-3n-4d, /fascinating-tour-to-goa-3n-4d, /sun-kissed-goa-escape (same places, similar length: keep both, merge or retire?)"
0094,Exclusive Goa Tour,/exclusive-goa-tour-3n-4d,Goa,3 Nights / 4 Days,Price on request (no approved rate),Published (static page),proposed,"possible overlap with /delightful-goa-tour-3n-4d, /enticing-tour-to-goa-3n-4d, /fascinating-tour-to-goa-3n-4d, /sun-kissed-goa-escape (same places, similar length: keep both, merge or retire?)"
0095,Fascinating Tour to Goa,/fascinating-tour-to-goa-3n-4d,Goa,3 Nights / 4 Days,Price on request (no approved rate),Published (static page),proposed,"possible overlap with /delightful-goa-tour-3n-4d, /enticing-tour-to-goa-3n-4d, /exclusive-goa-tour-3n-4d, /sun-kissed-goa-escape (same places, similar length: keep both, merge or retire?)"
0096,Sun Kissed Goa Escape Tour Package,/sun-kissed-goa-escape,Goa,3 Nights / 4 Days,Price on request (no approved rate),Published (static page),proposed,"possible overlap with /delightful-goa-tour-3n-4d, /enticing-tour-to-goa-3n-4d, /exclusive-goa-tour-3n-4d, /fascinating-tour-to-goa-3n-4d (same places, similar length: keep both, merge or retire?)"
0097,Best of Dubai tour,/best-of-dubai-tour,Dubai,2 Nights / 3 Days,Price on request (no approved rate),Published (static page),proposed,"possible overlap with /best-dubai-tour, /dubai-family-trip-with-free-burj-khalifa-tickets, /dubai-travel-packages (same places, similar length: keep both, merge or retire?)"
0098,Dubai Family Trip with FREE Burj Khalifa Tickets,/dubai-family-trip-with-free-burj-khalifa-tickets,Dubai,2 Nights / 3 Days,Price on request (no approved rate),Published (static page),proposed,"possible overlap with /best-dubai-tour, /best-of-dubai-tour, /dubai-travel-packages (same places, similar length: keep both, merge or retire?)"
0099,Best Dubai Tour,/best-dubai-tour,Dubai,3 Nights / 4 Days,Price on request (no approved rate),Published (static page),proposed,"possible overlap with /best-of-dubai-tour, /deluxe-tour-to-dubai-4n5d, /dubai-family-trip-with-free-burj-khalifa-tickets, /dubai-travel-packages, /standard-tour-to-dubai-4n5d (same places, similar length: keep both, merge or retire?)"
0100,Dubai Travel Packages,/dubai-travel-packages,Dubai,3 Nights / 4 Days,Price on request (no approved rate),Published (static page),proposed,"possible overlap with /best-dubai-tour, /best-of-dubai-tour, /deluxe-tour-to-dubai-4n5d, /dubai-family-trip-with-free-burj-khalifa-tickets, /standard-tour-to-dubai-4n5d (same places, similar length: keep both, merge or retire?)"
0101,Deluxe Tour to Dubai,/deluxe-tour-to-dubai-4n5d,Dubai,4 Nights / 5 Days,Price on request (no approved rate),Published (static page),proposed,"possible overlap with /best-dubai-tour, /dubai-travel-packages, /standard-tour-to-dubai-4n5d (same places, similar length: keep both, merge or retire?)"
0102,Standard Tour to Dubai,/standard-tour-to-dubai-4n5d,Dubai,4 Nights / 5 Days,Price on request (no approved rate),Published (static page),proposed,"possible overlap with /best-dubai-tour, /deluxe-tour-to-dubai-4n5d, /dubai-travel-packages (same places, similar length: keep both, merge or retire?)"
0103,Singapore and Kuala Lumpur Tour,/singapore-and-kuala-lumpur-tour-4n-5d,Singapore & Malaysia,4 Nights / 5 Days,Price on request (no approved rate),Published (static page),proposed,
0104,The Magical Tour to Singapore tour,/the-magical-tour-to-singapore,Singapore & Malaysia,4 Nights / 5 Days,Price on request (no approved rate),Published (static page),proposed,
0105,Serene Tour to Singapore with Thailand,/serene-tour-to-singapore-with-thailand--8n-9d,Singapore & Malaysia,8 Nights / 9 Days,Price on request (no approved rate),Published (static page),proposed,
0106,The Best of Singapore and Kuala Lumpur with Pattaya tour,/the-best-of-singapore-and-kuala-lumpur-with-pattaya-tour-8n-9d,Singapore & Malaysia,8 Nights / 9 Days,Price on request (no approved rate),Published (static page),proposed,
0107,Maldives,/maldives-05-days,Maldives,4 Nights / 5 Days,Price on request (no approved rate),Published (static page),proposed,
