proposed_package_number,slug,url,title,destination,duration,itinerary_days,inclusions,exclusions,external_travel_in_inclusions,source,review_notes
,srinagar-gulmarg-pahalgam-tour-package-5-days,/srinagar-gulmarg-pahalgam-tour-package-5-days,Srinagar Gulmarg Pahalgam Tour Package,Kashmir,4 Nights / 5 Days,5,8,7,none found,static page (public_html/srinagar-gulmarg-pahalgam-tour-package-5-days.php),
,srinagar-gulmarg-pahalgam-tour-package-7-days,/srinagar-gulmarg-pahalgam-tour-package-7-days,Srinagar Gulmarg Pahalgam Tour,Kashmir,6 Nights / 7 Days,0,8,7,none found,static page (public_html/srinagar-gulmarg-pahalgam-tour-package-7-days.php),no day-by-day itinerary on the page
,srinagar-gulmarg-sonmarg-day-trip-tour-package-5-days,/srinagar-gulmarg-sonmarg-day-trip-tour-package-5-days,Srinagar Gulmarg Sonmarg Day Trip Tour,Kashmir,4 Nights / 5 Days,5,0,0,none found,static page (public_html/srinagar-gulmarg-sonmarg-day-trip-tour-package-5-days.php),
,srinagar-gulmarg-sonmarg-pahalgam-katra-tour-package-8-days,/srinagar-gulmarg-sonmarg-pahalgam-katra-tour-package-8-days,Srinagar Gulmarg Sonmarg Pahalgam Katra Tour,Kashmir,7 Nights / 8 Days,8,8,7,none found,static page (public_html/srinagar-gulmarg-sonmarg-pahalgam-katra-tour-package-8-days.php),
,srinagar-gulmarg-tour-03nt04dy,/srinagar-gulmarg-tour-03nt04dy,Srinagar Gulmarg Tour Package,Kashmir,3 Nights / 4 Days,4,8,7,none found,static page (public_html/srinagar-gulmarg-tour-03nt04dy.php),
,srinagar-pahalgam-gulmarg-sonmarg-package-6-days,/srinagar-pahalgam-gulmarg-sonmarg-package-6-days,Srinagar Pahalgam Gulmarg Sonmarg Tour,Kashmir,4 Nights / 5 Days,6,8,7,none found,static page (public_html/srinagar-pahalgam-gulmarg-sonmarg-package-6-days.php),
,breathtaking-leh-ladakh-tour-3n-4d,/breathtaking-leh-ladakh-tour-3n-4d,Breathtaking Leh Ladakh Tour,Leh Ladakh,3 Nights / 4 Days,4,7,9,none found,static page (public_html/breathtaking-leh-ladakh-tour-3n-4d.php),
,discover-leh-ladakh-tour-8n-9d,/discover-leh-ladakh-tour-8n-9d,Discover Leh Ladakh Tour,Leh Ladakh,8 Nights / 9 Days,8,7,9,none found,static page (public_html/discover-leh-ladakh-tour-8n-9d.php),
,jewels-of-leh-ladakh-package-5n6d,/jewels-of-leh-ladakh-package-5n6d,Jewels of Leh Ladakh Tour,Leh Ladakh,5 Nights / 6 Days,6,7,9,none found,static page (public_html/jewels-of-leh-ladakh-package-5n6d.php),
,panorama-ladakh-tour-6n7d,/panorama-ladakh-tour-6n7d,Panorama Ladakh tour,Leh Ladakh,5 Nights / 6 Days,7,7,9,none found,static page (public_html/panorama-ladakh-tour-6n7d.php),
,serene-leh-ladakh-tour-7n-8d,/serene-leh-ladakh-tour-7n-8d,Serene Leh Ladakh Tour,Leh Ladakh,7 Nights / 8 Days,8,7,9,none found,static page (public_html/serene-leh-ladakh-tour-7n-8d.php),
,special-leh-ladakh-tour-4n-5d,/special-leh-ladakh-tour-4n-5d,Special Leh Ladakh Tour,Leh Ladakh,4 Nights / 5 Days,5,7,9,none found,static page (public_html/special-leh-ladakh-tour-4n-5d.php),
,amrirsar-with-dalhousie-and-dharamshala-06-days,/amrirsar-with-dalhousie-and-dharamshala-06-days,Amrirsar with Dalhousie and Dharamshala,Himachal Pradesh,5 Nights / 6 Days,6,0,0,none found,static page (public_html/amrirsar-with-dalhousie-and-dharamshala-06-days.php),
,amritsar-with-dalhousie-dharamshala-05-days,/amritsar-with-dalhousie-dharamshala-05-days,Amritsar with Dalhousie Dharamshala,Himachal Pradesh,4 Nights / 5 Days,5,5,5,none found,static page (public_html/amritsar-with-dalhousie-dharamshala-05-days.php),"exclusion/terms text found under Inclusions: ""For Air/ Train Tickets we required Full amount."""
,amritsar-with-dalhousie-dharamshala-and-chandigarh-07-days,/amritsar-with-dalhousie-dharamshala-and-chandigarh-07-days,Amritsar with Dalhousie Dharamshala and Chandigarh,Himachal Pradesh,6 Nights / 7 Days,7,0,0,none found,static page (public_html/amritsar-with-dalhousie-dharamshala-and-chandigarh-07-days.php),
,best-of-manali-with-delhi-by-volvo,/best-of-manali-with-delhi-by-volvo,Best of Manali with Delhi By Volvo,Himachal Pradesh,5 Nights / 6 Days,6,9,8,bus,static page (public_html/best-of-manali-with-delhi-by-volvo.php),
,best-of-shimla,/best-of-shimla,Best of Shimla,Himachal Pradesh,3 Nights / 4 Days,4,5,11,bus,static page (public_html/best-of-shimla.php),
,best-of-shimla-and-manali,/best-of-shimla-and-manali,Best of Shimla and Manali,Himachal Pradesh,6 Nights / 7 Days,7,5,11,bus,static page (public_html/best-of-shimla-and-manali.php),
,best-of-shimla-vacation,/best-of-shimla-vacation,Best of Shimla Vacation,Himachal Pradesh,2 Nights / 3 Days,0,6,4,none found,static page (public_html/best-of-shimla-vacation.php),no day-by-day itinerary on the page
,blissful-tour-to-himachal-pradesh-4n-5d,/blissful-tour-to-himachal-pradesh-4n-5d,Blissful Tour to Himachal Pradesh,Himachal Pradesh,4 Nights / 5 Days,5,9,4,none found,static page (public_html/blissful-tour-to-himachal-pradesh-4n-5d.php),
,grand-himachal-with-mata-vaishno-devi--tour-13-days,/grand-himachal-with-mata-vaishno-devi--tour-13-days,Grand Himachal with Mata vaishno Devi Tour,Himachal Pradesh,12 Nights / 13 Days,13,0,0,none found,static page (public_html/grand-himachal-with-mata-vaishno-devi--tour-13-days.php),
,manali-volvo-vrip-weekend,/manali-volvo-vrip-weekend,Manali Volvo Trip weekend,Himachal Pradesh,4 Nights / 5 Days,5,9,8,bus,static page (public_html/manali-volvo-vrip-weekend.php),
,manali-with-dharamshala-and-amritsar-06-days,/manali-with-dharamshala-and-amritsar-06-days,Manali with Dharamshala and amritsar,Himachal Pradesh,5 Nights / 6 Days,6,0,0,none found,static page (public_html/manali-with-dharamshala-and-amritsar-06-days.php),
,manali-with-manikaran,/manali-with-manikaran,Manali with Manikaran,Himachal Pradesh,4 Nights / 5 Days,5,8,8,none found,static page (public_html/manali-with-manikaran.php),"exclusion/terms text found under Inclusions: ""Air/train Fare or any other local transportation. (Except Inclusion)"""
,shimla-manali-tour-06-days,/shimla-manali-tour-06-days,Shimla Manali Tour,Himachal Pradesh,5 Nights / 6 Days,6,6,7,none found,static page (public_html/shimla-manali-tour-06-days.php),
,shimla-manali-with-chandigarh-06-days,/shimla-manali-with-chandigarh-06-days,Shimla Manali with Chandigarh,Himachal Pradesh,5 Nights / 6 Days,6,8,8,none found,static page (public_html/shimla-manali-with-chandigarh-06-days.php),
,shimla-manali-with-dalhousie-amritsar-08-days,/shimla-manali-with-dalhousie-amritsar-08-days,Shimla Manali with Dalhousie Amritsar,Himachal Pradesh,7 Nights / 8 Days,8,0,0,none found,static page (public_html/shimla-manali-with-dalhousie-amritsar-08-days.php),
,shimla-manali-with-dharmshala-dalhousie-and-amritsar-09-days,/shimla-manali-with-dharmshala-dalhousie-and-amritsar-09-days,Shimla Manali with Dharmshala Dalhousie and Amritsar,Himachal Pradesh,8 Nights / 9 Days,9,6,7,none found,static page (public_html/shimla-manali-with-dharmshala-dalhousie-and-amritsar-09-days.php),
,corbett-with-nainital-04-days,/corbett-with-nainital-04-days,Corbett with Nainital,Uttarakhand,3 Nights / 4 Days,4,6,7,none found,static page (public_html/corbett-with-nainital-04-days.php),
,corbett-with-nainital-and-mussoorie-07-days,/corbett-with-nainital-and-mussoorie-07-days,Corbett With Nainital and mussoorie,Uttarakhand,6 Nights / 7 Days,7,0,0,none found,static page (public_html/corbett-with-nainital-and-mussoorie-07-days.php),
,haridwar--with-mussoorie-and-corbett-06-days,/haridwar--with-mussoorie-and-corbett-06-days,Haridwar with Mussoorie and Corbett,Uttarakhand,5 Nights / 6 Days,6,6,5,none found,static page (public_html/haridwar--with-mussoorie-and-corbett-06-days.php),
,haridwar-rishikesh-mussoorie-04-days,/haridwar-rishikesh-mussoorie-04-days,Haridwar Rishikesh Mussoorie,Uttarakhand,3 Nights / 4 Days,4,6,7,none found,static page (public_html/haridwar-rishikesh-mussoorie-04-days.php),
,haridwar-rishikesh-tour-03-days,/haridwar-rishikesh-tour-03-days,Haridwar Rishikesh Tour,Uttarakhand,2 Nights / 3 Days,3,7,7,none found,static page (public_html/haridwar-rishikesh-tour-03-days.php),
,haridwar-with-mussoorie-and-jim-corbett-05-days,/haridwar-with-mussoorie-and-jim-corbett-05-days,Haridwar with Mussoorie and Jim Corbett,Uttarakhand,4 Nights / 5 Days,5,0,0,none found,static page (public_html/haridwar-with-mussoorie-and-jim-corbett-05-days.php),
,haridwar-with-mussoorie-corbett-kausani-and-nainital-08-days,/haridwar-with-mussoorie-corbett-kausani-and-nainital-08-days,Haridwar with Mussoorie corbett Kausani and Nainital Tour,Uttarakhand,7 Nights / 8 Days,8,0,0,none found,static page (public_html/haridwar-with-mussoorie-corbett-kausani-and-nainital-08-days.php),
,haridwar-with-rishikesh-mussoorie-nainital-and-jim-corbett-07-days,/haridwar-with-rishikesh-mussoorie-nainital-and-jim-corbett-07-days,Haridwar With Rishikesh Mussoorie Nainital and Jim Corbett,Uttarakhand,6 Nights / 7 Days,7,0,0,none found,static page (public_html/haridwar-with-rishikesh-mussoorie-nainital-and-jim-corbett-07-days.php),
,mussoorie-tour-03-days,/mussoorie-tour-03-days,Mussoorie Tour,Uttarakhand,2 Nights / 3 Days,3,0,0,none found,static page (public_html/mussoorie-tour-03-days.php),
,mussoorie-with-corbett-ranikhet-kausani-and-nainital-08-days,/mussoorie-with-corbett-ranikhet-kausani-and-nainital-08-days,Mussoorie with corbett Ranikhet Kausani and Nainital,Uttarakhand,7 Nights / 8 Days,8,6,7,none found,static page (public_html/mussoorie-with-corbett-ranikhet-kausani-and-nainital-08-days.php),
,mussoorie-with-jim-corbett-04-days,/mussoorie-with-jim-corbett-04-days,Mussoorie with Jim Corbett,Uttarakhand,3 Nights / 4 Days,4,0,0,none found,static page (public_html/mussoorie-with-jim-corbett-04-days.php),
,mussoorie-with-nainital-almora-and-jim-corbett--07-days,/mussoorie-with-nainital-almora-and-jim-corbett--07-days,Mussoorie with Nainital Almora and Jim Corbett,Uttarakhand,6 Nights / 7 Days,7,7,7,none found,static page (public_html/mussoorie-with-nainital-almora-and-jim-corbett--07-days.php),
,mussoorie-with-nainital-and-jim-corbett-06-days,/mussoorie-with-nainital-and-jim-corbett-06-days,Mussoorie with Nainital and Jim Corbett,Uttarakhand,5 Nights / 6 Days,6,6,0,none found,static page (public_html/mussoorie-with-nainital-and-jim-corbett-06-days.php),
,nainital-tour-03-days,/nainital-tour-03-days,Nainital Tour,Uttarakhand,2 Nights / 3 Days,3,6,7,none found,static page (public_html/nainital-tour-03-days.php),
,nainital-with-almora-and-jim-corbett-05-days,/nainital-with-almora-and-jim-corbett-05-days,Nainital with Almora and jim corbett,Uttarakhand,4 Nights / 5 Days,3,6,7,none found,static page (public_html/nainital-with-almora-and-jim-corbett-05-days.php),duration says 5 days but the itinerary has 3 days
,nainital-with-kausani-and-jim-corbett-05-days,/nainital-with-kausani-and-jim-corbett-05-days,Nainital with Kausani and Jim Corbett,Uttarakhand,4 Nights / 5 Days,5,0,0,none found,static page (public_html/nainital-with-kausani-and-jim-corbett-05-days.php),
,nainital-with-kausani-and-jim-corbett-06-days,/nainital-with-kausani-and-jim-corbett-06-days,Nainital with Kausani and Jim Corbett,Uttarakhand,5 Nights / 6 Days,6,6,0,none found,static page (public_html/nainital-with-kausani-and-jim-corbett-06-days.php),
,nainital-with-ranikhet--jim-corbett,/nainital-with-ranikhet--jim-corbett,Nainital with Ranikhet Jim Corbett,Uttarakhand,4 Nights / 5 Days,5,0,0,none found,static page (public_html/nainital-with-ranikhet--jim-corbett.php),
,nainital-with-ranikhet-and-jim-corbett-06-days,/nainital-with-ranikhet-and-jim-corbett-06-days,Nainital with Ranikhet and jim corbett,Uttarakhand,5 Nights / 6 Days,6,6,0,none found,static page (public_html/nainital-with-ranikhet-and-jim-corbett-06-days.php),
,nainital-with-ranikhet-kausani-and-jim-corbett-07-days,/nainital-with-ranikhet-kausani-and-jim-corbett-07-days,Nainital with Ranikhet kausani and Jim corbett,Uttarakhand,6 Nights / 7 Days,7,0,0,none found,static page (public_html/nainital-with-ranikhet-kausani-and-jim-corbett-07-days.php),
,nainital-with-ranikhet-kausani-jim-corbett-and-haridwar-08-days,/nainital-with-ranikhet-kausani-jim-corbett-and-haridwar-08-days,Nainital with Ranikhet Kausani jim Corbett and Haridwar,Uttarakhand,7 Nights / 8 Days,8,0,0,none found,static page (public_html/nainital-with-ranikhet-kausani-jim-corbett-and-haridwar-08-days.php),
,uttarakhand-mussoorie-with-rishikesh-flight-inclusive,/uttarakhand-mussoorie-with-rishikesh-flight-inclusive,Uttarakhand Mussoorie With Rishikesh Flight Inclusive,Uttarakhand,2 Nights / 3 Days,3,0,0,none found,static page (public_html/uttarakhand-mussoorie-with-rishikesh-flight-inclusive.php),URL says flight-inclusive but no flight listed in inclusions
,char-dham-yatra-from-delhi-10n-11d,/char-dham-yatra-from-delhi-10n-11d,Char Dham yatra Package from delhi for 11 Days,Char Dham Yatra,10 Nights / 11 Days,11,8,7,none found,static page (public_html/char-dham-yatra-from-delhi-10n-11d.php),
,char-dham-yatra-from-delhi-11n-12d,/char-dham-yatra-from-delhi-11n-12d,Char Dham yatra Package from Haridwar for 9 Days,Char Dham Yatra,08 Nights / 09 Days,10,8,7,none found,static page (public_html/char-dham-yatra-from-delhi-11n-12d.php),"URL says ""from Delhi"" but day 1 does not start there"
,char-dham-yatra-from-haridwar-9n-10d,/char-dham-yatra-from-haridwar-9n-10d,Char Dham yatra Package from Haridwar,Char Dham Yatra,9 Nights / 10 Days,10,8,7,none found,static page (public_html/char-dham-yatra-from-haridwar-9n-10d.php),
,chardham-yatra-by-helicopter,/chardham-yatra-by-helicopter,Chardham Yatra By Helicopter Tour,Char Dham Yatra,5 Nights / 6 Days,6,6,0,none found,static page (public_html/chardham-yatra-by-helicopter.php),
,chardham-yatra-from-haridwar-8n-9d,/chardham-yatra-from-haridwar-8n-9d,Char Dham yatra Package from Haridwar for 9 Days,Char Dham Yatra,08 Nights / 09 Days,10,8,7,none found,static page (public_html/chardham-yatra-from-haridwar-8n-9d.php),
,do-dham-kedar–badri-from-haridwar-4n-5d,/do-dham-kedar–badri-from-haridwar-4n-5d,Do Dham Yatra (Kedarnath - Badrinath) Tour from Haridwar 5 Days Package,Char Dham Yatra,04 Nights / 05 Days,5,8,7,none found,static page (public_html/do-dham-kedar–badri-from-haridwar-4n-5d.php),
,do-dham-kedar–badri-from-haridwar-5n-6d,/do-dham-kedar–badri-from-haridwar-5n-6d,6-Day Do Dham Yatra (Kedarnath & Badrinath) Tour from Haridwar,Char Dham Yatra,5 Nights / 6 Days,6,8,7,none found,static page (public_html/do-dham-kedar–badri-from-haridwar-5n-6d.php),
,yamunotri-gangotri-do-dham-from-delhi-6n-7d,/yamunotri-gangotri-do-dham-from-delhi-6n-7d,Yamunotri Gangotri Do Dham Yatra from Delhi,Char Dham Yatra,9 Nights / 10 Days,7,8,7,none found,static page (public_html/yamunotri-gangotri-do-dham-from-delhi-6n-7d.php),duration says 10 days but the itinerary has 7 days
,amarnath-ji-yatra-by-helicopter-2n-3d,/amarnath-ji-yatra-by-helicopter-2n-3d,Amarnath Ji Tour Package by Helicopter for 2 Nights 3 Days,Amarnath Yatra,2 Nights / 3 Days,3,8,7,none found,static page (public_html/amarnath-ji-yatra-by-helicopter-2n-3d.php),
,amarnath-ji-yatra-by-helicopter-3n-4d,/amarnath-ji-yatra-by-helicopter-3n-4d,Amarnath Ji Yatra by Helicopter – 3 Nights 4 Days with Srinagar Tour,Amarnath Yatra,3 Nights / 4 Days,4,8,7,none found,static page (public_html/amarnath-ji-yatra-by-helicopter-3n-4d.php),
,amarnath-ji-yatra-via-pahalgam-5n-6d,/amarnath-ji-yatra-via-pahalgam-5n-6d,Amarnath Ji Yatra via Pahalgam 5 Nights 6 Days Spiritual Journey,Amarnath Yatra,5 Nights / 6 Days,6,8,7,none found,static page (public_html/amarnath-ji-yatra-via-pahalgam-5n-6d.php),
,amarnath-ji-yatra-with-srinagar-4n-5d,/amarnath-ji-yatra-with-srinagar-4n-5d,Amarnath Ji Yatra with Srinagar – 4 Nights 5 Days Package,Amarnath Yatra,4 Nights / 5 Days,5,8,7,none found,static page (public_html/amarnath-ji-yatra-with-srinagar-4n-5d.php),
,darjeeling-and-gangtok-06-days,/darjeeling-and-gangtok-06-days,Darjeeling and Gangtok Tour,Darjeeling & Sikkim,4 Nights / 5 Days,6,0,0,none found,static page (public_html/darjeeling-and-gangtok-06-days.php),
,darjeeling-gangtok-04-days,/darjeeling-gangtok-04-days,Darjeeling Gangtok Tour,Darjeeling & Sikkim,3 Nights / 4 Days,4,6,7,none found,static page (public_html/darjeeling-gangtok-04-days.php),
,darjeeling-gangtok-05-days,/darjeeling-gangtok-05-days,Darjeeling Gangtok Tour,Darjeeling & Sikkim,4 Nights / 5 Days,5,0,0,none found,static page (public_html/darjeeling-gangtok-05-days.php),
,darjeeling-kalimpong-04-days,/darjeeling-kalimpong-04-days,Darjeeling Kalimpong Tour,Darjeeling & Sikkim,3 Nights / 4 Days,4,6,7,none found,static page (public_html/darjeeling-kalimpong-04-days.php),
,darjeeling-with-kalimpong-and-gangtok-06-days,/darjeeling-with-kalimpong-and-gangtok-06-days,Darjeeling with Kalimpong and Gangtok Tour,Darjeeling & Sikkim,5 Nights / 6 Days,6,6,7,none found,static page (public_html/darjeeling-with-kalimpong-and-gangtok-06-days.php),
,darjeeling-with-kalimpong-pelling-lachung-and-gangtok-10-days,/darjeeling-with-kalimpong-pelling-lachung-and-gangtok-10-days,Darjeeling with Kalimpong pelling Lachung and gangtok Tour,Darjeeling & Sikkim,9 Nights / 10 Days,10,6,7,none found,static page (public_html/darjeeling-with-kalimpong-pelling-lachung-and-gangtok-10-days.php),
,darjeeling-with-lachung-and-gangtok-08-days,/darjeeling-with-lachung-and-gangtok-08-days,Darjeeling with Lachung and gangtok Tour,Darjeeling & Sikkim,7 Nights / 8 Days,8,6,7,none found,static page (public_html/darjeeling-with-lachung-and-gangtok-08-days.php),
,darjeeling-with-pelling-and-gangtok-06-days,/darjeeling-with-pelling-and-gangtok-06-days,Darjeeling with Pelling and Gangtok Tour,Darjeeling & Sikkim,5 Nights / 6 Days,6,6,7,none found,static page (public_html/darjeeling-with-pelling-and-gangtok-06-days.php),
,gangtok-pelling-tour-05-days,/gangtok-pelling-tour-05-days,Gangtok Pelling Tour,Darjeeling & Sikkim,4 Nights / 5 Days,5,0,0,none found,static page (public_html/gangtok-pelling-tour-05-days.php),
,gangtok-with-lachen-and-lachung-07-days,/gangtok-with-lachen-and-lachung-07-days,Gangtok with lachen and Lachung Tour,Darjeeling & Sikkim,5 Nights / 6 Days,7,6,7,none found,static page (public_html/gangtok-with-lachen-and-lachung-07-days.php),
,gangtok-with-lachung-pelling-and-darjeeling-08-days,/gangtok-with-lachung-pelling-and-darjeeling-08-days,Gangtok with Lachung Pelling and Darjeeling Tour,Darjeeling & Sikkim,7 Nights / 8 Days,8,6,7,none found,static page (public_html/gangtok-with-lachung-pelling-and-darjeeling-08-days.php),
,gangtok-with-pelling-and-kalimpong-tour-07-days,/gangtok-with-pelling-and-kalimpong-tour-07-days,Gangtok with Pelling and Kalimpong Tour,Darjeeling & Sikkim,6 Nights / 7 Days,7,0,0,none found,static page (public_html/gangtok-with-pelling-and-kalimpong-tour-07-days.php),
,kalimpong-with-gangtok-pelling-and-darjeeling-08-days,/kalimpong-with-gangtok-pelling-and-darjeeling-08-days,Kalimpong With Gangtok pelling and darjeeling Tour,Darjeeling & Sikkim,7 Nights / 8 Days,8,6,7,none found,static page (public_html/kalimpong-with-gangtok-pelling-and-darjeeling-08-days.php),
,cochin-munnar-thekkedy-alleppey-06-days,/cochin-munnar-thekkedy-alleppey-06-days,Munnar Alleppey Kovalam,Kerala,5 Nights / 6 Days,5,8,0,none found,static page (public_html/cochin-munnar-thekkedy-alleppey-06-days.php),
,kovalam-kanyakumari-tour-4-days,/kovalam-kanyakumari-tour-4-days,Kovalam Kanyakumari Tour,Kerala,3 Nights / 4 Days,3,6,7,none found,static page (public_html/kovalam-kanyakumari-tour-4-days.php),
,munnar-alleppey-kovalam-05-days,/munnar-alleppey-kovalam-05-days,Munnar Alleppey Kovalam,Kerala,4 Nights / 5 Days,3,6,7,none found,static page (public_html/munnar-alleppey-kovalam-05-days.php),duration says 5 days but the itinerary has 3 days
,munnar-alleppey-kovalam-06-days,/munnar-alleppey-kovalam-06-days,Munnar Alleppey Tour Package,Kerala,5 Nights / 6 Days,0,8,7,none found,static page (public_html/munnar-alleppey-kovalam-06-days.php),no day-by-day itinerary on the page
,munnar-alleppey-tour-package-04-days,/munnar-alleppey-tour-package-04-days,Munnar Alleppey Tour Package,Kerala,3 Nights / 4 Days,4,8,7,none found,static page (public_html/munnar-alleppey-tour-package-04-days.php),
,munnar-thekkady-alleppey--kovalam-kanyakumari-07-days,/munnar-thekkady-alleppey--kovalam-kanyakumari-07-days,Munnar Thekkady Alleppey Kovalam Kanyakumari,Kerala,6 Nights / 7 Days,7,5,5,none found,static page (public_html/munnar-thekkady-alleppey--kovalam-kanyakumari-07-days.php),"exclusion/terms text found under Inclusions: ""# For Air/ Train Tickets we required Full amount."""
,munnar-thekkady-alleppey-05-days,/munnar-thekkady-alleppey-05-days,Munnar Thekkady Alleppey,Kerala,4 Nights / 5 Days,5,8,7,none found,static page (public_html/munnar-thekkady-alleppey-05-days.php),
,munnar-thekkady-alleppey-kovalam-trivandurum-07-days,/munnar-thekkady-alleppey-kovalam-trivandurum-07-days,Munnar Alleppey Tour Package,Kerala,6 Nights / 7 Days,7,0,0,none found,static page (public_html/munnar-thekkady-alleppey-kovalam-trivandurum-07-days.php),
,munnar-thekkady-tour-package-4-days,/munnar-thekkady-tour-package-4-days,Munnar Thekkady Tour Package,Kerala,3 Nights / 4 Days,3,6,7,none found,static page (public_html/munnar-thekkady-tour-package-4-days.php),
,bangalore-mysore-ooty-tour-05-days,/bangalore-mysore-ooty-tour-05-days,Bangalore Mysore Ooty tour,"Ooty, Mysore & Coorg",4 Nights / 5 Days,5,0,0,none found,static page (public_html/bangalore-mysore-ooty-tour-05-days.php),
,banglore-mysore-coorg--tour-05-days,/banglore-mysore-coorg--tour-05-days,Banglore Mysore Coorg Tour,"Ooty, Mysore & Coorg",4 Nights / 5 Days,5,6,7,none found,static page (public_html/banglore-mysore-coorg--tour-05-days.php),
,mysore-coorg-04-days,/mysore-coorg-04-days,Mysore Coorg tour,"Ooty, Mysore & Coorg",3 Nights / 4 Days,4,0,0,none found,static page (public_html/mysore-coorg-04-days.php),
,mysore-ooty-kodaikanal-06-days,/mysore-ooty-kodaikanal-06-days,Mysore Ooty Kodaikanal Tour,"Ooty, Mysore & Coorg",5 Nights / 6 Days,6,6,0,none found,static page (public_html/mysore-ooty-kodaikanal-06-days.php),
,mysore-wayand-04-days,/mysore-wayand-04-days,Mysore wayand tour,"Ooty, Mysore & Coorg",3 Nights / 4 Days,4,0,0,none found,static page (public_html/mysore-wayand-04-days.php),
,ooty-mysore-04-days,/ooty-mysore-04-days,Ooty Mysore tour,"Ooty, Mysore & Coorg",5 Nights / 6 Days,4,0,0,none found,static page (public_html/ooty-mysore-04-days.php),duration says 6 days but the itinerary has 4 days
,delightful-goa-tour-3n-4d,/delightful-goa-tour-3n-4d,Delightful Goa Tour,Goa,3 Nights / 4 Days,4,5,7,none found,static page (public_html/delightful-goa-tour-3n-4d.php),
,enticing-tour-to-goa-3n-4d,/enticing-tour-to-goa-3n-4d,Enticing Tour to Goa,Goa,3 Nights / 4 Days,4,10,7,none found,static page (public_html/enticing-tour-to-goa-3n-4d.php),
,exclusive-goa-tour-3n-4d,/exclusive-goa-tour-3n-4d,Exclusive Goa Tour,Goa,3 Nights / 4 Days,4,5,7,none found,static page (public_html/exclusive-goa-tour-3n-4d.php),
,fascinating-tour-to-goa-3n-4d,/fascinating-tour-to-goa-3n-4d,Fascinating Tour to Goa,Goa,3 Nights / 4 Days,4,6,7,none found,static page (public_html/fascinating-tour-to-goa-3n-4d.php),
,sun-kissed-goa-escape,/sun-kissed-goa-escape,Sun Kissed Goa Escape Tour Package,Goa,3 Nights / 4 Days,4,6,6,none found,static page (public_html/sun-kissed-goa-escape.php),
,best-dubai-tour,/best-dubai-tour,Best Dubai Tour,Dubai,3 Nights / 4 Days,4,8,5,none found,static page (public_html/best-dubai-tour.php),
,best-of-dubai-tour,/best-of-dubai-tour,Best of Dubai tour,Dubai,2 Nights / 3 Days,3,7,5,none found,static page (public_html/best-of-dubai-tour.php),
,deluxe-tour-to-dubai-4n5d,/deluxe-tour-to-dubai-4n5d,Deluxe Tour to Dubai,Dubai,4 Nights / 5 Days,5,9,4,air,static page (public_html/deluxe-tour-to-dubai-4n5d.php),
,dubai-family-trip-with-free-burj-khalifa-tickets,/dubai-family-trip-with-free-burj-khalifa-tickets,Dubai Family Trip with FREE Burj Khalifa Tickets,Dubai,2 Nights / 3 Days,3,4,0,air,static page (public_html/dubai-family-trip-with-free-burj-khalifa-tickets.php),
,standard-tour-to-dubai-4n5d,/standard-tour-to-dubai-4n5d,Standard Tour to Dubai,Dubai,4 Nights / 5 Days,5,9,4,air,static page (public_html/standard-tour-to-dubai-4n5d.php),
,serene-tour-to-singapore-with-thailand--8n-9d,/serene-tour-to-singapore-with-thailand--8n-9d,Serene Tour to Singapore with Thailand,Singapore & Malaysia,8 Nights / 9 Days,9,12,10,none found,static page (public_html/serene-tour-to-singapore-with-thailand--8n-9d.php),
,singapore-and-kuala-lumpur-tour-4n-5d,/singapore-and-kuala-lumpur-tour-4n-5d,Singapore and Kuala Lumpur Tour,Singapore & Malaysia,4 Nights / 5 Days,5,6,10,none found,static page (public_html/singapore-and-kuala-lumpur-tour-4n-5d.php),
,the-best-of-singapore-and-kuala-lumpur-with-pattaya-tour-8n-9d,/the-best-of-singapore-and-kuala-lumpur-with-pattaya-tour-8n-9d,The Best of Singapore and Kuala Lumpur with Pattaya tour,Singapore & Malaysia,8 Nights / 9 Days,9,7,10,none found,static page (public_html/the-best-of-singapore-and-kuala-lumpur-with-pattaya-tour-8n-9d.php),
,the-magical-tour-to-singapore,/the-magical-tour-to-singapore,The Magical Tour to Singapore tour,Singapore & Malaysia,4 Nights / 5 Days,5,6,11,none found,static page (public_html/the-magical-tour-to-singapore.php),
,maldives-05-days,/maldives-05-days,Maldives,Maldives,4 Nights / 5 Days,5,6,8,none found,static page (public_html/maldives-05-days.php),
